[
{
    "model": "accounts.user",
    "pk": 1,
    "fields": {
        "password": "pbkdf2_sha256$260000$qwhoCBmVHhE2W15IWze5Zc$Yxkmto+0o0BJAyaDQ9kXTJG5/VZyd7KgP+XzbmY7B0Q=",
        "last_login": "2024-11-22T16:54:49.967",
        "is_superuser": false,
        "username": "zoonie",
        "first_name": "",
        "last_name": "",
        "email": "nicy130402@naver.com",
        "is_staff": false,
        "is_active": true,
        "date_joined": "2024-11-22T10:33:44.678",
        "groups": [],
        "user_permissions": [],
        "followings": [
            2,
            4,
            6,
            7,
            9
        ]
    }
},
{
    "model": "accounts.user",
    "pk": 2,
    "fields": {
        "password": "pbkdf2_sha256$260000$1lCqLTnmxWzFso7rPLyNfZ$DqIFIZAonsSh2oEdxsJUeiBQcQDwabsYdZjvMt4bkeo=",
        "last_login": "2024-11-22T12:49:57.323",
        "is_superuser": false,
        "username": "dkswnals",
        "first_name": "",
        "last_name": "",
        "email": "",
        "is_staff": false,
        "is_active": true,
        "date_joined": "2024-11-22T12:49:56.820",
        "groups": [],
        "user_permissions": [],
        "followings": []
    }
},
{
    "model": "accounts.user",
    "pk": 3,
    "fields": {
        "password": "pbkdf2_sha256$260000$w3jIJ9uiPeYBQK8xlX3S6D$+NxwM7pTWsWLNhP14HXlksBqCAM2CKP8n2uPrtDaA8w=",
        "last_login": "2024-11-22T15:45:02.444",
        "is_superuser": false,
        "username": "gyoo413",
        "first_name": "",
        "last_name": "",
        "email": "",
        "is_staff": false,
        "is_active": true,
        "date_joined": "2024-11-22T12:53:24.062",
        "groups": [],
        "user_permissions": [],
        "followings": [
            1,
            2,
            4,
            7
        ]
    }
},
{
    "model": "accounts.user",
    "pk": 4,
    "fields": {
        "password": "pbkdf2_sha256$260000$JUH9Ix1Y1ZV4ZGmCq4TZis$6SwsrA6/a1f2OMexFRRnmxbYLGxP2to0/dppCb+Gvdo=",
        "last_login": "2024-11-22T12:55:38.202",
        "is_superuser": false,
        "username": "aaange",
        "first_name": "",
        "last_name": "",
        "email": "",
        "is_staff": false,
        "is_active": true,
        "date_joined": "2024-11-22T12:55:37.751",
        "groups": [],
        "user_permissions": [],
        "followings": [
            2,
            3
        ]
    }
},
{
    "model": "accounts.user",
    "pk": 5,
    "fields": {
        "password": "pbkdf2_sha256$260000$IMneVatSlnYq69rGNiZmzz$ba0uig8jvo8lrw9P7HIEDpcXhqXPme8IWfm0VvKN6B8=",
        "last_login": "2024-11-22T13:01:12.518",
        "is_superuser": false,
        "username": "minjeeki",
        "first_name": "",
        "last_name": "",
        "email": "",
        "is_staff": false,
        "is_active": true,
        "date_joined": "2024-11-22T13:01:12.057",
        "groups": [],
        "user_permissions": [],
        "followings": [
            3,
            4
        ]
    }
},
{
    "model": "accounts.user",
    "pk": 6,
    "fields": {
        "password": "pbkdf2_sha256$260000$yJ9ABQGeElueem8pElo2Qz$jC58u82EGABw4CoPU7sw/Q/OZvcgSvY2B/4FNLfXlj8=",
        "last_login": "2024-11-22T13:07:58.902",
        "is_superuser": false,
        "username": "cocacola",
        "first_name": "",
        "last_name": "",
        "email": "",
        "is_staff": false,
        "is_active": true,
        "date_joined": "2024-11-22T13:07:58.423",
        "groups": [],
        "user_permissions": [],
        "followings": [
            2,
            4
        ]
    }
},
{
    "model": "accounts.user",
    "pk": 7,
    "fields": {
        "password": "pbkdf2_sha256$260000$TGwDECG1I5KgI0rFZvMqlL$CM3Q+2o9AElM0xbgMmRMlwjslc8RwUkxpCs1L3vDp0Q=",
        "last_login": "2024-11-22T13:13:03.447",
        "is_superuser": false,
        "username": "yejushin2000",
        "first_name": "",
        "last_name": "",
        "email": "",
        "is_staff": false,
        "is_active": true,
        "date_joined": "2024-11-22T13:13:02.977",
        "groups": [],
        "user_permissions": [],
        "followings": [
            3,
            6
        ]
    }
},
{
    "model": "accounts.user",
    "pk": 8,
    "fields": {
        "password": "pbkdf2_sha256$260000$IfDP3i26GS40hbjqbiBZtw$XMchtkIEwFkQk3sIkWhheB6CZigsmouTObebC6HZL70=",
        "last_login": "2024-11-22T16:01:12.001",
        "is_superuser": false,
        "username": "yspark",
        "first_name": "",
        "last_name": "",
        "email": "",
        "is_staff": false,
        "is_active": true,
        "date_joined": "2024-11-22T16:01:11.517",
        "groups": [],
        "user_permissions": [],
        "followings": [
            7
        ]
    }
},
{
    "model": "accounts.user",
    "pk": 9,
    "fields": {
        "password": "pbkdf2_sha256$260000$jMhoYYLU86DqFFHP6lBufV$uZx+yPsTePnPKMu4qisWxcSRCj9p/CIijIIdhsOf4xs=",
        "last_login": "2024-11-22T16:52:37.633",
        "is_superuser": false,
        "username": "asntkdgur04",
        "first_name": "",
        "last_name": "",
        "email": "",
        "is_staff": false,
        "is_active": true,
        "date_joined": "2024-11-22T16:52:37.169",
        "groups": [],
        "user_permissions": [],
        "followings": [
            1
        ]
    }
},
{
    "model": "movies.feed",
    "pk": 1,
    "fields": {
        "user": 1,
        "movie_id": 150540,
        "genre_ids": [
            16,
            10751,
            12,
            18,
            35
        ],
        "watch_date": "2015-07-18",
        "watch_time": "오후",
        "watch_place": "영화관",
        "watch_with_who": "가족",
        "watch_reason": [
            "추천을 받아서",
            "기타"
        ],
        "rating": 5,
        "comment": "행복하려면 슬픔을 다룰 줄 알아야한다.",
        "is_share_to_feed": true,
        "created_at": "2024-11-22T10:38:47.286"
    }
},
{
    "model": "movies.feed",
    "pk": 2,
    "fields": {
        "user": 1,
        "movie_id": 489999,
        "genre_ids": [
            18,
            9648,
            53
        ],
        "watch_date": "2018-08-25",
        "watch_time": "저녁",
        "watch_place": "영화관",
        "watch_with_who": "연인",
        "watch_reason": [
            "재미있을 것 같아서",
            "기타"
        ],
        "rating": 5,
        "comment": "연출의 특이함이 주는 신선함과 지루해지지 않게 조절하는 서사까지 아주 좋았다.",
        "is_share_to_feed": true,
        "created_at": "2024-11-22T10:40:13.730"
    }
},
{
    "model": "movies.feed",
    "pk": 3,
    "fields": {
        "user": 1,
        "movie_id": 496243,
        "genre_ids": [
            35,
            53,
            18
        ],
        "watch_date": "2019-06-08",
        "watch_time": "저녁",
        "watch_place": "영화관",
        "watch_with_who": "친구",
        "watch_reason": [
            "재미있을 것 같아서",
            "좋아하는 배우가 나와서",
            "좋아하는 영화감독이라"
        ],
        "rating": 5,
        "comment": "너는 다 계획이 있구나?",
        "is_share_to_feed": true,
        "created_at": "2024-11-22T10:42:04.873"
    }
},
{
    "model": "movies.feed",
    "pk": 4,
    "fields": {
        "user": 1,
        "movie_id": 705996,
        "genre_ids": [
            53,
            9648,
            10749
        ],
        "watch_date": "2022-07-05",
        "watch_time": "밤",
        "watch_place": "영화관",
        "watch_with_who": "친구",
        "watch_reason": [
            "재미있을 것 같아서",
            "좋아하는 배우가 나와서",
            "좋아하는 영화감독이라"
        ],
        "rating": 5,
        "comment": "버려버려요...아무도 못 찾게...난 붕괴됐어요...",
        "is_share_to_feed": true,
        "created_at": "2024-11-22T10:43:33.530"
    }
},
{
    "model": "movies.feed",
    "pk": 5,
    "fields": {
        "user": 1,
        "movie_id": 5924,
        "genre_ids": [
            80,
            18
        ],
        "watch_date": "2014-05-10",
        "watch_time": "저녁",
        "watch_place": "집",
        "watch_with_who": "혼자",
        "watch_reason": [
            "재미있을 것 같아서",
            "기타"
        ],
        "rating": 5,
        "comment": "포기하지 않는 마음가짐이 주인공을 자유롭게 만들었다",
        "is_share_to_feed": true,
        "created_at": "2024-11-22T10:45:17.186"
    }
},
{
    "model": "movies.feed",
    "pk": 6,
    "fields": {
        "user": 1,
        "movie_id": 105,
        "genre_ids": [
            12,
            35,
            878
        ],
        "watch_date": "2014-09-21",
        "watch_time": "밤",
        "watch_place": "집",
        "watch_with_who": "혼자",
        "watch_reason": [
            "재미있을 것 같아서"
        ],
        "rating": 5,
        "comment": "다들 한 번은 해봤던 생각이 영화 속에서 펼쳐지는 재미, 영화관에서 당시에 봤으면 어땠을까?",
        "is_share_to_feed": true,
        "created_at": "2024-11-22T10:46:34.874"
    }
},
{
    "model": "movies.feed",
    "pk": 7,
    "fields": {
        "user": 1,
        "movie_id": 15121,
        "genre_ids": [
            18,
            10751,
            10402,
            10749
        ],
        "watch_date": "2012-07-10",
        "watch_time": "오후",
        "watch_place": "야외",
        "watch_with_who": "친구",
        "watch_reason": [
            "재미있을 것 같아서",
            "기타"
        ],
        "rating": 4,
        "comment": "마음 속에 항상 있던 멜로디의 원조랄까",
        "is_share_to_feed": true,
        "created_at": "2024-11-22T10:47:35.170"
    }
},
{
    "model": "movies.feed",
    "pk": 8,
    "fields": {
        "user": 1,
        "movie_id": 27205,
        "genre_ids": [
            28,
            878,
            12
        ],
        "watch_date": "2010-07-31",
        "watch_time": "오후",
        "watch_place": "영화관",
        "watch_with_who": "친구",
        "watch_reason": [
            "재미있을 것 같아서",
            "좋아하는 배우가 나와서",
            "좋아하는 영화감독이라"
        ],
        "rating": 5,
        "comment": "끝나고 박수 침. 더 이상의 자세한 설명은 생략한다.",
        "is_share_to_feed": true,
        "created_at": "2024-11-22T10:48:57.578"
    }
},
{
    "model": "movies.feed",
    "pk": 9,
    "fields": {
        "user": 1,
        "movie_id": 278,
        "genre_ids": [
            18,
            80
        ],
        "watch_date": "2017-06-30",
        "watch_time": "저녁",
        "watch_place": "집",
        "watch_with_who": "혼자",
        "watch_reason": [
            "재미있을 것 같아서",
            "기타"
        ],
        "rating": 5,
        "comment": "당시의 재수생인 내 희망 주입기",
        "is_share_to_feed": true,
        "created_at": "2024-11-22T10:50:04.586"
    }
},
{
    "model": "movies.feed",
    "pk": 10,
    "fields": {
        "user": 1,
        "movie_id": 49047,
        "genre_ids": [
            878,
            53,
            18
        ],
        "watch_date": "2013-10-26",
        "watch_time": "저녁",
        "watch_place": "영화관",
        "watch_with_who": "친구",
        "watch_reason": [
            "재미있을 것 같아서"
        ],
        "rating": 5,
        "comment": "고요하고 낮게 가라앉은 분위기가 필요하다고 징징댈거면 이걸 보면 된다.",
        "is_share_to_feed": true,
        "created_at": "2024-11-22T10:52:05.467"
    }
},
{
    "model": "movies.feed",
    "pk": 11,
    "fields": {
        "user": 1,
        "movie_id": 437633,
        "genre_ids": [
            28,
            80,
            53
        ],
        "watch_date": "2017-07-08",
        "watch_time": "오후",
        "watch_place": "영화관",
        "watch_with_who": "혼자",
        "watch_reason": [
            "좋아하는 배우가 나와서"
        ],
        "rating": 1,
        "comment": "없어야 할 건 다 있고 있어야 할 건 다 없다 참트루팩트냐",
        "is_share_to_feed": true,
        "created_at": "2024-11-22T10:54:38.642"
    }
},
{
    "model": "movies.feed",
    "pk": 12,
    "fields": {
        "user": 1,
        "movie_id": 56607,
        "genre_ids": [
            18,
            35,
            10749
        ],
        "watch_date": "2020-08-08",
        "watch_time": "저녁",
        "watch_place": "기타",
        "watch_with_who": "혼자",
        "watch_reason": [
            "기타"
        ],
        "rating": 1,
        "comment": "뭐하자는 거야",
        "is_share_to_feed": true,
        "created_at": "2024-11-22T10:55:18.066"
    }
},
{
    "model": "movies.feed",
    "pk": 13,
    "fields": {
        "user": 1,
        "movie_id": 45572,
        "genre_ids": [
            28,
            35,
            878
        ],
        "watch_date": "2022-08-06",
        "watch_time": "밤",
        "watch_place": "집",
        "watch_with_who": "혼자",
        "watch_reason": [
            "기타",
            "추천을 받아서"
        ],
        "rating": 1,
        "comment": "경이롭다",
        "is_share_to_feed": true,
        "created_at": "2024-11-22T10:56:29.762"
    }
},
{
    "model": "movies.feed",
    "pk": 14,
    "fields": {
        "user": 1,
        "movie_id": 335988,
        "genre_ids": [
            28,
            12,
            878
        ],
        "watch_date": "2017-06-24",
        "watch_time": "오후",
        "watch_place": "영화관",
        "watch_with_who": "가족",
        "watch_reason": [
            "재미있을 것 같아서"
        ],
        "rating": 2,
        "comment": "1편은 안 이랬잖아 1편은 안 이랬잖아 1편은 안 이랬잖아 그만둬",
        "is_share_to_feed": true,
        "created_at": "2024-11-22T10:59:14.747"
    }
},
{
    "model": "movies.feed",
    "pk": 15,
    "fields": {
        "user": 1,
        "movie_id": 10253,
        "genre_ids": [
            14,
            18,
            27,
            28,
            53,
            878
        ],
        "watch_date": "2007-08-18",
        "watch_time": "오후",
        "watch_place": "영화관",
        "watch_with_who": "가족",
        "watch_reason": [
            "재미있을 것 같아서"
        ],
        "rating": 2,
        "comment": "할머니랑 영화관에서 본 유일무이한 영화인데 그 기억이 이 영화로 이어진다니 참",
        "is_share_to_feed": true,
        "created_at": "2024-11-22T11:01:15.226"
    }
},
{
    "model": "movies.feed",
    "pk": 16,
    "fields": {
        "user": 1,
        "movie_id": 211672,
        "genre_ids": [
            10751,
            16,
            12,
            35
        ],
        "watch_date": "2015-08-07",
        "watch_time": "저녁",
        "watch_place": "영화관",
        "watch_with_who": "친구",
        "watch_reason": [
            "재미있을 것 같아서"
        ],
        "rating": 2,
        "comment": "어떤 영화는 영화가 아닌 굿즈로 정의할 수 있다.",
        "is_share_to_feed": true,
        "created_at": "2024-11-22T11:02:42.267"
    }
},
{
    "model": "movies.feed",
    "pk": 17,
    "fields": {
        "user": 1,
        "movie_id": 280092,
        "genre_ids": [
            27,
            53
        ],
        "watch_date": "2015-08-22",
        "watch_time": "저녁",
        "watch_place": "영화관",
        "watch_with_who": "혼자",
        "watch_reason": [
            "기타"
        ],
        "rating": 2,
        "comment": "별로 안 무서움",
        "is_share_to_feed": true,
        "created_at": "2024-11-22T11:07:14.747"
    }
},
{
    "model": "movies.feed",
    "pk": 18,
    "fields": {
        "user": 1,
        "movie_id": 453395,
        "genre_ids": [
            14,
            28,
            12
        ],
        "watch_date": "2022-08-13",
        "watch_time": "오후",
        "watch_place": "영화관",
        "watch_with_who": "친구",
        "watch_reason": [
            "재미있을 것 같아서"
        ],
        "rating": 2,
        "comment": "그래서 왜 이 여자애를 구해야하는데",
        "is_share_to_feed": true,
        "created_at": "2024-11-22T11:08:54.355"
    }
},
{
    "model": "movies.feed",
    "pk": 19,
    "fields": {
        "user": 1,
        "movie_id": 8078,
        "genre_ids": [
            878,
            27,
            28
        ],
        "watch_date": "2021-03-06",
        "watch_time": "오후",
        "watch_place": "집",
        "watch_with_who": "혼자",
        "watch_reason": [
            "재미있을 것 같아서"
        ],
        "rating": 3,
        "comment": "이전 시리즈에 비해 뭔가 산만한 느낌",
        "is_share_to_feed": true,
        "created_at": "2024-11-22T11:09:58.523"
    }
},
{
    "model": "movies.feed",
    "pk": 20,
    "fields": {
        "user": 1,
        "movie_id": 1007481,
        "genre_ids": [
            18
        ],
        "watch_date": "2024-08-31",
        "watch_time": "저녁",
        "watch_place": "영화관",
        "watch_with_who": "혼자",
        "watch_reason": [
            "좋아하는 배우가 나와서"
        ],
        "rating": 2,
        "comment": "나도 싫어",
        "is_share_to_feed": true,
        "created_at": "2024-11-22T11:10:55.690"
    }
},
{
    "model": "movies.feed",
    "pk": 21,
    "fields": {
        "user": 1,
        "movie_id": 406759,
        "genre_ids": [
            878,
            12,
            28
        ],
        "watch_date": "2024-04-12",
        "watch_time": "오후",
        "watch_place": "집",
        "watch_with_who": "혼자",
        "watch_reason": [
            "재미있을 것 같아서"
        ],
        "rating": 2,
        "comment": "ㅋㅋㅋㅋㅋㅋㅋㅋㅋㅋㅋㅋㅋㅋㅋㅋㅋㅋㅋㅋㅋㅋㅋㅋㅋㅋㅋ",
        "is_share_to_feed": true,
        "created_at": "2024-11-22T11:11:57.908"
    }
},
{
    "model": "movies.feed",
    "pk": 22,
    "fields": {
        "user": 1,
        "movie_id": 58244,
        "genre_ids": [
            10749,
            878,
            18,
            14
        ],
        "watch_date": "2012-09-22",
        "watch_time": "오후",
        "watch_place": "영화관",
        "watch_with_who": "연인",
        "watch_reason": [
            "재미있을 것 같아서"
        ],
        "rating": 2,
        "comment": "소재는 좋은데 왜 재미가 없니",
        "is_share_to_feed": true,
        "created_at": "2024-11-22T11:12:54.043"
    }
},
{
    "model": "movies.feed",
    "pk": 23,
    "fields": {
        "user": 1,
        "movie_id": 68726,
        "genre_ids": [
            28,
            878,
            12
        ],
        "watch_date": "2013-09-07",
        "watch_time": "오후",
        "watch_place": "영화관",
        "watch_with_who": "가족",
        "watch_reason": [
            "재미있을 것 같아서"
        ],
        "rating": 4,
        "comment": "자본의 맛인가",
        "is_share_to_feed": true,
        "created_at": "2024-11-22T11:13:44.491"
    }
},
{
    "model": "movies.feed",
    "pk": 24,
    "fields": {
        "user": 1,
        "movie_id": 382217,
        "genre_ids": [
            14,
            18
        ],
        "watch_date": "2022-08-07",
        "watch_time": "저녁",
        "watch_place": "집",
        "watch_with_who": "연인",
        "watch_reason": [
            "재미있을 것 같아서",
            "좋아하는 배우가 나와서"
        ],
        "rating": 2,
        "comment": "그닥...강동원은 좋은 작품 만났으면 좋겠다",
        "is_share_to_feed": true,
        "created_at": "2024-11-22T11:14:23.163"
    }
},
{
    "model": "movies.feed",
    "pk": 25,
    "fields": {
        "user": 1,
        "movie_id": 849869,
        "genre_ids": [
            28,
            18,
            53,
            80
        ],
        "watch_date": "2023-04-08",
        "watch_time": "저녁",
        "watch_place": "집",
        "watch_with_who": "연인",
        "watch_reason": [
            "재미있을 것 같아서",
            "좋아하는 배우가 나와서"
        ],
        "rating": 2,
        "comment": "쿨한 척 하는 것 같아서 좀 그래",
        "is_share_to_feed": true,
        "created_at": "2024-11-22T11:15:43.891"
    }
},
{
    "model": "movies.feed",
    "pk": 26,
    "fields": {
        "user": 1,
        "movie_id": 276907,
        "genre_ids": [
            80,
            53
        ],
        "watch_date": "2023-05-22",
        "watch_time": "오후",
        "watch_place": "집",
        "watch_with_who": "혼자",
        "watch_reason": [
            "재미있을 것 같아서",
            "좋아하는 배우가 나와서"
        ],
        "rating": 3,
        "comment": "꺅 톰하디 멋져 그리고 영화 끝",
        "is_share_to_feed": true,
        "created_at": "2024-11-22T11:16:47.810"
    }
},
{
    "model": "movies.feed",
    "pk": 27,
    "fields": {
        "user": 1,
        "movie_id": 329,
        "genre_ids": [
            12,
            878
        ],
        "watch_date": "2024-11-02",
        "watch_time": "오후",
        "watch_place": "집",
        "watch_with_who": "혼자",
        "watch_reason": [
            "재미있을 것 같아서",
            "좋아하는 배우가 나와서",
            "좋아하는 영화감독이라"
        ],
        "rating": 4,
        "comment": "다시봐도 재밌음",
        "is_share_to_feed": true,
        "created_at": "2024-11-22T11:17:21.307"
    }
},
{
    "model": "movies.feed",
    "pk": 28,
    "fields": {
        "user": 1,
        "movie_id": 4550,
        "genre_ids": [
            18,
            53
        ],
        "watch_date": "2023-05-20",
        "watch_time": "저녁",
        "watch_place": "집",
        "watch_with_who": "연인",
        "watch_reason": [
            "재미있을 것 같아서",
            "좋아하는 배우가 나와서",
            "좋아하는 영화감독이라"
        ],
        "rating": 4,
        "comment": "'너나 잘하세요' 를 듣고 '네!'라고 할 수 밖에",
        "is_share_to_feed": true,
        "created_at": "2024-11-22T11:18:22.115"
    }
},
{
    "model": "movies.feed",
    "pk": 29,
    "fields": {
        "user": 1,
        "movie_id": 455008,
        "genre_ids": [
            99
        ],
        "watch_date": "2024-03-16",
        "watch_time": "오후",
        "watch_place": "집",
        "watch_with_who": "혼자",
        "watch_reason": [
            "재미있을 것 같아서"
        ],
        "rating": 3,
        "comment": "대단한 순간이긴 했지",
        "is_share_to_feed": true,
        "created_at": "2024-11-22T11:18:57.178"
    }
},
{
    "model": "movies.feed",
    "pk": 30,
    "fields": {
        "user": 1,
        "movie_id": 37185,
        "genre_ids": [
            18,
            10749
        ],
        "watch_date": "2024-11-16",
        "watch_time": "오후",
        "watch_place": "집",
        "watch_with_who": "연인",
        "watch_reason": [
            "재미있을 것 같아서"
        ],
        "rating": 4,
        "comment": "영화 자체가 가지는 분위기가 있다. 그 분위기는 변하지 않으므로 나중에, 문득 생각나서 다시 오더라도 여전히 그 순간 그 분위기를 느낄 수 있다.",
        "is_share_to_feed": true,
        "created_at": "2024-11-22T11:20:43.596"
    }
},
{
    "model": "movies.feed",
    "pk": 31,
    "fields": {
        "user": 1,
        "movie_id": 20342,
        "genre_ids": [
            14,
            18,
            53
        ],
        "watch_date": "2013-06-28",
        "watch_time": "오후",
        "watch_place": "기타",
        "watch_with_who": "친구",
        "watch_reason": [
            "기타"
        ],
        "rating": 3,
        "comment": "와! 쇼팽의 흑건을 백건으로 바꿨어!",
        "is_share_to_feed": true,
        "created_at": "2024-11-22T11:24:41.907"
    }
},
{
    "model": "movies.feed",
    "pk": 32,
    "fields": {
        "user": 1,
        "movie_id": 535167,
        "genre_ids": [
            878,
            28,
            18
        ],
        "watch_date": "2024-09-14",
        "watch_time": "오후",
        "watch_place": "집",
        "watch_with_who": "혼자",
        "watch_reason": [
            "재미있을 것 같아서"
        ],
        "rating": 3,
        "comment": "참신한 아이디어로 끌고가는 이야기",
        "is_share_to_feed": true,
        "created_at": "2024-11-22T11:25:35.836"
    }
},
{
    "model": "movies.feed",
    "pk": 33,
    "fields": {
        "user": 1,
        "movie_id": 176,
        "genre_ids": [
            27,
            9648,
            80
        ],
        "watch_date": "2016-12-03",
        "watch_time": "저녁",
        "watch_place": "집",
        "watch_with_who": "혼자",
        "watch_reason": [
            "재미있을 것 같아서",
            "추천을 받아서"
        ],
        "rating": 4,
        "comment": "웰메이드 스릴러 영화. 이렇게 까지 거대한 ip가 될 줄은 모르고 만들었겠지",
        "is_share_to_feed": true,
        "created_at": "2024-11-22T11:26:32.451"
    }
},
{
    "model": "movies.feed",
    "pk": 34,
    "fields": {
        "user": 1,
        "movie_id": 8914,
        "genre_ids": [
            28,
            27,
            878
        ],
        "watch_date": "2010-12-17",
        "watch_time": "오후",
        "watch_place": "집",
        "watch_with_who": "혼자",
        "watch_reason": [
            "기타"
        ],
        "rating": 3,
        "comment": "OCN에서 틀어주면 한번씩 봤다 ㅇㅈ?",
        "is_share_to_feed": true,
        "created_at": "2024-11-22T11:27:16.483"
    }
},
{
    "model": "movies.feed",
    "pk": 35,
    "fields": {
        "user": 1,
        "movie_id": 5595,
        "genre_ids": [
            9648,
            53
        ],
        "watch_date": "2020-08-15",
        "watch_time": "저녁",
        "watch_place": "집",
        "watch_with_who": "혼자",
        "watch_reason": [
            "재미있을 것 같아서"
        ],
        "rating": 3,
        "comment": "이거 보고 방탈출 하러 감",
        "is_share_to_feed": true,
        "created_at": "2024-11-22T11:28:07.451"
    }
},
{
    "model": "movies.feed",
    "pk": 36,
    "fields": {
        "user": 1,
        "movie_id": 8844,
        "genre_ids": [
            12,
            14,
            10751
        ],
        "watch_date": "2010-08-21",
        "watch_time": "저녁",
        "watch_place": "집",
        "watch_with_who": "가족",
        "watch_reason": [
            "기타"
        ],
        "rating": 4,
        "comment": "이때부터 보드게임을 좋아했던가",
        "is_share_to_feed": true,
        "created_at": "2024-11-22T11:28:54.347"
    }
},
{
    "model": "movies.feed",
    "pk": 37,
    "fields": {
        "user": 1,
        "movie_id": 6795,
        "genre_ids": [
            878,
            12,
            10751
        ],
        "watch_date": "2020-06-27",
        "watch_time": "저녁",
        "watch_place": "집",
        "watch_with_who": "혼자",
        "watch_reason": [
            "기타"
        ],
        "rating": 3,
        "comment": "쥬만지 우주버전, 어릴 때 봤던 만큼의 감정은 안들었다",
        "is_share_to_feed": true,
        "created_at": "2024-11-22T11:29:44.075"
    }
},
{
    "model": "movies.feed",
    "pk": 38,
    "fields": {
        "user": 1,
        "movie_id": 218,
        "genre_ids": [
            28,
            53,
            878
        ],
        "watch_date": "2007-05-12",
        "watch_time": "오후",
        "watch_place": "집",
        "watch_with_who": "가족",
        "watch_reason": [
            "재미있을 것 같아서"
        ],
        "rating": 3,
        "comment": "배우가 어떤 캐릭터로 기억될 수 있다는 건 좋은 일인 것 같다.",
        "is_share_to_feed": true,
        "created_at": "2024-11-22T11:30:51.212"
    }
},
{
    "model": "movies.feed",
    "pk": 39,
    "fields": {
        "user": 1,
        "movie_id": 280,
        "genre_ids": [
            28,
            53,
            878
        ],
        "watch_date": "2024-10-12",
        "watch_time": "저녁",
        "watch_place": "집",
        "watch_with_who": "친구",
        "watch_reason": [
            "재미있을 것 같아서"
        ],
        "rating": 4,
        "comment": "이게 1편이라 해도 믿을 듯",
        "is_share_to_feed": true,
        "created_at": "2024-11-22T11:31:17.027"
    }
},
{
    "model": "movies.feed",
    "pk": 40,
    "fields": {
        "user": 1,
        "movie_id": 19995,
        "genre_ids": [
            28,
            12,
            14,
            878
        ],
        "watch_date": "2024-06-15",
        "watch_time": "저녁",
        "watch_place": "집",
        "watch_with_who": "연인",
        "watch_reason": [
            "재미있을 것 같아서"
        ],
        "rating": 5,
        "comment": "영화관에서 처음 봤을 때는 진짜 혁신이었는데",
        "is_share_to_feed": true,
        "created_at": "2024-11-22T11:31:57.124"
    }
},
{
    "model": "movies.feed",
    "pk": 41,
    "fields": {
        "user": 1,
        "movie_id": 1858,
        "genre_ids": [
            12,
            878,
            28
        ],
        "watch_date": "2007-08-04",
        "watch_time": "저녁",
        "watch_place": "영화관",
        "watch_with_who": "가족",
        "watch_reason": [
            "재미있을 것 같아서"
        ],
        "rating": 4,
        "comment": "상상력을 늘려준 수준의 CG에 놀랐던 기억이",
        "is_share_to_feed": true,
        "created_at": "2024-11-22T11:32:42.444"
    }
},
{
    "model": "movies.feed",
    "pk": 42,
    "fields": {
        "user": 1,
        "movie_id": 257344,
        "genre_ids": [
            28,
            35,
            878
        ],
        "watch_date": "2015-08-15",
        "watch_time": "저녁",
        "watch_place": "영화관",
        "watch_with_who": "가족",
        "watch_reason": [
            "재미있을 것 같아서"
        ],
        "rating": 3,
        "comment": "나도 지구방위대하려면 pc방 가야겠다",
        "is_share_to_feed": true,
        "created_at": "2024-11-22T11:33:37.236"
    }
},
{
    "model": "movies.feed",
    "pk": 43,
    "fields": {
        "user": 1,
        "movie_id": 568320,
        "genre_ids": [
            80,
            28
        ],
        "watch_date": "2019-01-31",
        "watch_time": "오후",
        "watch_place": "영화관",
        "watch_with_who": "가족",
        "watch_reason": [
            "재미있을 것 같아서"
        ],
        "rating": 3,
        "comment": "난 재밌었는데",
        "is_share_to_feed": true,
        "created_at": "2024-11-22T11:34:13.620"
    }
},
{
    "model": "movies.feed",
    "pk": 44,
    "fields": {
        "user": 1,
        "movie_id": 581389,
        "genre_ids": [
            18,
            14,
            878
        ],
        "watch_date": "2024-09-07",
        "watch_time": "저녁",
        "watch_place": "집",
        "watch_with_who": "친구",
        "watch_reason": [
            "재미있을 것 같아서",
            "좋아하는 배우가 나와서"
        ],
        "rating": 3,
        "comment": "대한민국에서 sf영화에 나름 제대로 도전했고 실제로 화려한 기술이 보이지만...아니 감독님...내용이...",
        "is_share_to_feed": true,
        "created_at": "2024-11-22T11:36:17.093"
    }
},
{
    "model": "movies.feed",
    "pk": 45,
    "fields": {
        "user": 1,
        "movie_id": 743815,
        "genre_ids": [
            53,
            9648
        ],
        "watch_date": "2024-05-25",
        "watch_time": "오후",
        "watch_place": "영화관",
        "watch_with_who": "친구",
        "watch_reason": [
            "재미있을 것 같아서",
            "추천을 받아서"
        ],
        "rating": 4,
        "comment": "난 이런 결함이 있는 등장인물들이 좋다. 흡입력있는 초반부는 흥미로운 내용으로 이어지지만 그 끝맺음은 조금 아쉬웠달까...그냥 끝까지 가지...",
        "is_share_to_feed": true,
        "created_at": "2024-11-22T11:37:39.292"
    }
},
{
    "model": "movies.feed",
    "pk": 46,
    "fields": {
        "user": 1,
        "movie_id": 13027,
        "genre_ids": [
            9648,
            53,
            28
        ],
        "watch_date": "2008-12-13",
        "watch_time": "저녁",
        "watch_place": "영화관",
        "watch_with_who": "가족",
        "watch_reason": [
            "재미있을 것 같아서"
        ],
        "rating": 3,
        "comment": "분명히 진짜 재밌게 봤는데 영화에 대해 설명해 달라 하면 기억이 안남",
        "is_share_to_feed": true,
        "created_at": "2024-11-22T11:38:26.140"
    }
},
{
    "model": "movies.feed",
    "pk": 47,
    "fields": {
        "user": 1,
        "movie_id": 628802,
        "genre_ids": [
            18
        ],
        "watch_date": "2024-04-06",
        "watch_time": "오후",
        "watch_place": "집",
        "watch_with_who": "연인",
        "watch_reason": [
            "재미있을 것 같아서",
            "좋아하는 배우가 나와서"
        ],
        "rating": 3,
        "comment": "다루는 문제는 많은데, 수학자시면 그렇게 대충 푸시면 안된다고요",
        "is_share_to_feed": true,
        "created_at": "2024-11-22T11:39:29.532"
    }
},
{
    "model": "movies.feed",
    "pk": 48,
    "fields": {
        "user": 1,
        "movie_id": 215,
        "genre_ids": [
            27
        ],
        "watch_date": "2024-09-07",
        "watch_time": "밤",
        "watch_place": "집",
        "watch_with_who": "혼자",
        "watch_reason": [
            "재미있을 것 같아서"
        ],
        "rating": 3,
        "comment": "여기까지도 괜찮았음.",
        "is_share_to_feed": true,
        "created_at": "2024-11-22T11:40:07.491"
    }
},
{
    "model": "movies.feed",
    "pk": 49,
    "fields": {
        "user": 1,
        "movie_id": 13475,
        "genre_ids": [
            878,
            28,
            12
        ],
        "watch_date": "2022-08-20",
        "watch_time": "오후",
        "watch_place": "집",
        "watch_with_who": "친구",
        "watch_reason": [
            "재미있을 것 같아서",
            "추천을 받아서"
        ],
        "rating": 4,
        "comment": "둘째가라면 서러운 유명한 시리즈인데, 설정 설명이나 처음보는 사람들도 재밌게 볼 수 있도록 정말 잘 만들었다. 일단 재밌는걸 ㅋㅋ",
        "is_share_to_feed": true,
        "created_at": "2024-11-22T11:41:52.924"
    }
},
{
    "model": "movies.feed",
    "pk": 50,
    "fields": {
        "user": 1,
        "movie_id": 349176,
        "genre_ids": [
            28,
            12,
            35,
            878
        ],
        "watch_date": "2024-11-02",
        "watch_time": "저녁",
        "watch_place": "집",
        "watch_with_who": "혼자",
        "watch_reason": [
            "재미있을 것 같아서"
        ],
        "rating": 3,
        "comment": "괜찮은 코미디",
        "is_share_to_feed": true,
        "created_at": "2024-11-22T11:43:56.044"
    }
},
{
    "model": "movies.feed",
    "pk": 51,
    "fields": {
        "user": 1,
        "movie_id": 324786,
        "genre_ids": [
            18,
            36,
            10752
        ],
        "watch_date": "2024-11-02",
        "watch_time": "저녁",
        "watch_place": "집",
        "watch_with_who": "혼자",
        "watch_reason": [
            "좋아하는 배우가 나와서"
        ],
        "rating": 3,
        "comment": "가장 폭력적인 상황에서 가장 비폭력적인 사람이 나올 수 있다\n폐급이 에이스 되는건 순식간이야..",
        "is_share_to_feed": true,
        "created_at": "2024-11-22T11:45:39.588"
    }
},
{
    "model": "movies.feed",
    "pk": 52,
    "fields": {
        "user": 1,
        "movie_id": 216015,
        "genre_ids": [
            18,
            10749,
            53
        ],
        "watch_date": "2024-08-03",
        "watch_time": "저녁",
        "watch_place": "집",
        "watch_with_who": "연인",
        "watch_reason": [
            "재미있을 것 같아서"
        ],
        "rating": 3,
        "comment": "전 몇번째 그림자가 될 수 있나요?",
        "is_share_to_feed": true,
        "created_at": "2024-11-22T11:46:36.821"
    }
},
{
    "model": "movies.feed",
    "pk": 53,
    "fields": {
        "user": 1,
        "movie_id": 341174,
        "genre_ids": [
            18,
            10749
        ],
        "watch_date": "2024-10-05",
        "watch_time": "저녁",
        "watch_place": "집",
        "watch_with_who": "연인",
        "watch_reason": [
            "재미있을 것 같아서"
        ],
        "rating": 1,
        "comment": "형...누나...너무 멀리갔어...진짜 심연이잖아",
        "is_share_to_feed": true,
        "created_at": "2024-11-22T11:47:27.517"
    }
},
{
    "model": "movies.feed",
    "pk": 54,
    "fields": {
        "user": 1,
        "movie_id": 37735,
        "genre_ids": [
            35
        ],
        "watch_date": "2024-07-13",
        "watch_time": "저녁",
        "watch_place": "집",
        "watch_with_who": "혼자",
        "watch_reason": [
            "좋아하는 배우가 나와서",
            "재미있을 것 같아서"
        ],
        "rating": 4,
        "comment": "엠마 스톤 매력적임",
        "is_share_to_feed": true,
        "created_at": "2024-11-22T11:48:20.669"
    }
},
{
    "model": "movies.feed",
    "pk": 55,
    "fields": {
        "user": 1,
        "movie_id": 350,
        "genre_ids": [
            18,
            35
        ],
        "watch_date": "2024-07-13",
        "watch_time": "오후",
        "watch_place": "집",
        "watch_with_who": "연인",
        "watch_reason": [
            "재미있을 것 같아서",
            "좋아하는 배우가 나와서"
        ],
        "rating": 4,
        "comment": "\"말은 제대로 해야지, 넌 노력하지 않아, 징징대는거지\"\n\n좀 징징댈래요 엉엉",
        "is_share_to_feed": true,
        "created_at": "2024-11-22T11:49:40.693"
    }
},
{
    "model": "movies.feed",
    "pk": 56,
    "fields": {
        "user": 1,
        "movie_id": 157336,
        "genre_ids": [
            12,
            18,
            878
        ],
        "watch_date": "2024-08-24",
        "watch_time": "오후",
        "watch_place": "영화관",
        "watch_with_who": "가족",
        "watch_reason": [
            "재미있을 것 같아서",
            "추천을 받아서",
            "좋아하는 배우가 나와서",
            "좋아하는 영화감독이라"
        ],
        "rating": 5,
        "comment": "아빠가 데리러 갈게",
        "is_share_to_feed": true,
        "created_at": "2024-11-22T11:50:16.932"
    }
},
{
    "model": "movies.feed",
    "pk": 57,
    "fields": {
        "user": 1,
        "movie_id": 617,
        "genre_ids": [
            9648,
            53,
            18
        ],
        "watch_date": "2024-11-02",
        "watch_time": "밤",
        "watch_place": "집",
        "watch_with_who": "연인",
        "watch_reason": [
            "재미있을 것 같아서"
        ],
        "rating": 4,
        "comment": "복수는 끝이 없어요",
        "is_share_to_feed": true,
        "created_at": "2024-11-22T11:50:57.069"
    }
},
{
    "model": "movies.feed",
    "pk": 58,
    "fields": {
        "user": 1,
        "movie_id": 1244492,
        "genre_ids": [
            16,
            18
        ],
        "watch_date": "2024-10-13",
        "watch_time": "오후",
        "watch_place": "영화관",
        "watch_with_who": "연인",
        "watch_reason": [
            "재미있을 것 같아서",
            "추천을 받아서"
        ],
        "rating": 4,
        "comment": "누구나 보고 가는 사람이 있어서 그런지 영화가 끝나고 아무도 안 나갔다. 앉아서 각자의 지나온 삶에 잠긴게 아닐까 싶다",
        "is_share_to_feed": true,
        "created_at": "2024-11-22T11:53:47.317"
    }
},
{
    "model": "movies.feed",
    "pk": 59,
    "fields": {
        "user": 1,
        "movie_id": 198277,
        "genre_ids": [
            35,
            10402,
            10749,
            18
        ],
        "watch_date": "2024-10-05",
        "watch_time": "밤",
        "watch_place": "집",
        "watch_with_who": "혼자",
        "watch_reason": [
            "재미있을 것 같아서",
            "좋아하는 배우가 나와서"
        ],
        "rating": 4,
        "comment": "한 때 내 플레이리스트 점령했었는데.",
        "is_share_to_feed": true,
        "created_at": "2024-11-22T11:54:43.820"
    }
},
{
    "model": "movies.feed",
    "pk": 60,
    "fields": {
        "user": 1,
        "movie_id": 369557,
        "genre_ids": [
            10749,
            18,
            10402
        ],
        "watch_date": "2016-05-28",
        "watch_time": "저녁",
        "watch_place": "영화관",
        "watch_with_who": "친구",
        "watch_reason": [
            "재미있을 것 같아서",
            "좋아하는 영화감독이라"
        ],
        "rating": 4,
        "comment": "비긴어게인보다 몰입해서 봤다. 매력적인 캐스팅",
        "is_share_to_feed": true,
        "created_at": "2024-11-22T11:56:41.765"
    }
},
{
    "model": "movies.feed",
    "pk": 61,
    "fields": {
        "user": 1,
        "movie_id": 976573,
        "genre_ids": [
            16,
            35,
            10751,
            14,
            10749
        ],
        "watch_date": "2023-06-24",
        "watch_time": "오후",
        "watch_place": "영화관",
        "watch_with_who": "연인",
        "watch_reason": [
            "추천을 받아서",
            "재미있을 것 같아서",
            "기타"
        ],
        "rating": 5,
        "comment": "마음이 따뜻해진다. 기분을 좋게 만드는 상상력으로 가득 차있다.",
        "is_share_to_feed": true,
        "created_at": "2024-11-22T11:57:48.373"
    }
},
{
    "model": "movies.feed",
    "pk": 62,
    "fields": {
        "user": 1,
        "movie_id": 10193,
        "genre_ids": [
            16,
            10751,
            35
        ],
        "watch_date": "2018-05-26",
        "watch_time": "오후",
        "watch_place": "집",
        "watch_with_who": "가족",
        "watch_reason": [
            "재미있을 것 같아서",
            "기타"
        ],
        "rating": 4,
        "comment": "장난안치고 평생소장용 결제되는 바람에 동생 어릴 때 100번은 본듯",
        "is_share_to_feed": true,
        "created_at": "2024-11-22T11:58:32.205"
    }
},
{
    "model": "movies.feed",
    "pk": 63,
    "fields": {
        "user": 1,
        "movie_id": 8392,
        "genre_ids": [
            14,
            16,
            10751
        ],
        "watch_date": "2024-11-16",
        "watch_time": "밤",
        "watch_place": "집",
        "watch_with_who": "혼자",
        "watch_reason": [
            "재미있을 것 같아서",
            "기타",
            "좋아하는 영화감독이라"
        ],
        "rating": 5,
        "comment": "귀엽잖아 한잔해",
        "is_share_to_feed": true,
        "created_at": "2024-11-22T11:59:17.245"
    }
},
{
    "model": "movies.feed",
    "pk": 64,
    "fields": {
        "user": 1,
        "movie_id": 12429,
        "genre_ids": [
            16,
            14,
            10751
        ],
        "watch_date": "2024-11-09",
        "watch_time": "오후",
        "watch_place": "야외",
        "watch_with_who": "기타",
        "watch_reason": [
            "기타"
        ],
        "rating": 3,
        "comment": "귀엽긴한데 군대에서 보긴 좀 그런 영화 아닌가",
        "is_share_to_feed": true,
        "created_at": "2024-11-22T12:00:33.109"
    }
},
{
    "model": "movies.feed",
    "pk": 65,
    "fields": {
        "user": 1,
        "movie_id": 198184,
        "genre_ids": [
            80,
            28,
            878
        ],
        "watch_date": "2016-02-13",
        "watch_time": "오후",
        "watch_place": "야외",
        "watch_with_who": "친구",
        "watch_reason": [
            "재미있을 것 같아서"
        ],
        "rating": 4,
        "comment": "인공지능에 대한 관심을 더 키워준 재밌게 보기 좋은 영화",
        "is_share_to_feed": true,
        "created_at": "2024-11-22T12:01:24.189"
    }
},
{
    "model": "movies.feed",
    "pk": 66,
    "fields": {
        "user": 1,
        "movie_id": 17654,
        "genre_ids": [
            878
        ],
        "watch_date": "2020-09-26",
        "watch_time": "오후",
        "watch_place": "집",
        "watch_with_who": "혼자",
        "watch_reason": [
            "재미있을 것 같아서"
        ],
        "rating": 5,
        "comment": "차별하는 줄 모른 채 하고 있을지도 모른다",
        "is_share_to_feed": true,
        "created_at": "2024-11-22T12:02:14.998"
    }
},
{
    "model": "movies.feed",
    "pk": 67,
    "fields": {
        "user": 1,
        "movie_id": 137,
        "genre_ids": [
            10749,
            14,
            18,
            35
        ],
        "watch_date": "2024-08-24",
        "watch_time": "밤",
        "watch_place": "집",
        "watch_with_who": "연인",
        "watch_reason": [
            "재미있을 것 같아서",
            "좋아하는 배우가 나와서"
        ],
        "rating": 4,
        "comment": "기발한 설정의 재밌는 영화라고 생각했는데, 다시 보니 어떻게 살아야할까에 대한 태도가 담겨있었다.",
        "is_share_to_feed": true,
        "created_at": "2024-11-22T12:03:57.229"
    }
},
{
    "model": "movies.feed",
    "pk": 68,
    "fields": {
        "user": 1,
        "movie_id": 530385,
        "genre_ids": [
            27,
            18,
            9648
        ],
        "watch_date": "2019-07-20",
        "watch_time": "저녁",
        "watch_place": "영화관",
        "watch_with_who": "친구",
        "watch_reason": [
            "재미있을 것 같아서",
            "추천을 받아서"
        ],
        "rating": 5,
        "comment": "이후에 무슨 일이 일어날지 알 것 같아서 더 무서운 영화",
        "is_share_to_feed": true,
        "created_at": "2024-11-22T12:05:21.742"
    }
},
{
    "model": "movies.feed",
    "pk": 69,
    "fields": {
        "user": 1,
        "movie_id": 316029,
        "genre_ids": [
            18
        ],
        "watch_date": "2017-12-30",
        "watch_time": "오후",
        "watch_place": "영화관",
        "watch_with_who": "가족",
        "watch_reason": [
            "재미있을 것 같아서",
            "좋아하는 배우가 나와서"
        ],
        "rating": 4,
        "comment": "노래는 계속 듣게 된다, 그럼 뮤지컬 영화로 성공한거라 본다.",
        "is_share_to_feed": true,
        "created_at": "2024-11-22T12:06:15.934"
    }
},
{
    "model": "movies.feed",
    "pk": 70,
    "fields": {
        "user": 1,
        "movie_id": 1893,
        "genre_ids": [
            12,
            28,
            878
        ],
        "watch_date": "2018-02-03",
        "watch_time": "저녁",
        "watch_place": "집",
        "watch_with_who": "혼자",
        "watch_reason": [
            "재미있을 것 같아서",
            "추천을 받아서"
        ],
        "rating": 4,
        "comment": "광선검 낭만 죽이잖아",
        "is_share_to_feed": true,
        "created_at": "2024-11-22T12:06:55.453"
    }
},
{
    "model": "movies.feed",
    "pk": 71,
    "fields": {
        "user": 1,
        "movie_id": 1895,
        "genre_ids": [
            12,
            28,
            878
        ],
        "watch_date": "2005-05-28",
        "watch_time": "저녁",
        "watch_place": "영화관",
        "watch_with_who": "가족",
        "watch_reason": [
            "재미있을 것 같아서"
        ],
        "rating": 4,
        "comment": "보고나서 한동안 광선검이 갖고싶었다",
        "is_share_to_feed": true,
        "created_at": "2024-11-22T12:07:30.886"
    }
},
{
    "model": "movies.feed",
    "pk": 72,
    "fields": {
        "user": 1,
        "movie_id": 62215,
        "genre_ids": [
            18,
            878
        ],
        "watch_date": "2018-02-10",
        "watch_time": "밤",
        "watch_place": "집",
        "watch_with_who": "혼자",
        "watch_reason": [
            "재미있을 것 같아서",
            "추천을 받아서",
            "좋아하는 배우가 나와서",
            "좋아하는 영화감독이라"
        ],
        "rating": 5,
        "comment": "우울함 앞에선 우주가 망한다 한들 아무 상관이 없다. 내가 우울하다는데 어쩔거야",
        "is_share_to_feed": true,
        "created_at": "2024-11-22T12:08:39.182"
    }
},
{
    "model": "movies.feed",
    "pk": 73,
    "fields": {
        "user": 1,
        "movie_id": 17609,
        "genre_ids": [
            18,
            27,
            53
        ],
        "watch_date": "2018-02-10",
        "watch_time": "저녁",
        "watch_place": "집",
        "watch_with_who": "혼자",
        "watch_reason": [
            "좋아하는 영화감독이라"
        ],
        "rating": 4,
        "comment": "두 번은 못보겠다. 기가 빨리는 느낌",
        "is_share_to_feed": true,
        "created_at": "2024-11-22T12:09:31.422"
    }
},
{
    "model": "movies.feed",
    "pk": 74,
    "fields": {
        "user": 1,
        "movie_id": 1043826,
        "genre_ids": [
            18
        ],
        "watch_date": "2024-02-10",
        "watch_time": "오후",
        "watch_place": "집",
        "watch_with_who": "연인",
        "watch_reason": [
            "재미있을 것 같아서"
        ],
        "rating": 4,
        "comment": "하이퍼 리얼리즘 고시생 체험 가능",
        "is_share_to_feed": true,
        "created_at": "2024-11-22T12:10:11.909"
    }
},
{
    "model": "movies.feed",
    "pk": 75,
    "fields": {
        "user": 1,
        "movie_id": 553,
        "genre_ids": [
            80,
            18,
            53
        ],
        "watch_date": "2024-01-06",
        "watch_time": "밤",
        "watch_place": "집",
        "watch_with_who": "혼자",
        "watch_reason": [
            "좋아하는 영화감독이라"
        ],
        "rating": 4,
        "comment": "실험적이고도 피곤한 영화, 한번에 보기엔 범부인 나에게 너무 길었다",
        "is_share_to_feed": true,
        "created_at": "2024-11-22T12:11:00.669"
    }
},
{
    "model": "movies.feed",
    "pk": 76,
    "fields": {
        "user": 1,
        "movie_id": 140607,
        "genre_ids": [
            12,
            28,
            878
        ],
        "watch_date": "2015-12-19",
        "watch_time": "오후",
        "watch_place": "영화관",
        "watch_with_who": "가족",
        "watch_reason": [
            "재미있을 것 같아서",
            "추천을 받아서"
        ],
        "rating": 4,
        "comment": "시리즈를 다 봤던 난 재밌었다",
        "is_share_to_feed": true,
        "created_at": "2024-11-22T12:11:32.853"
    }
},
{
    "model": "movies.feed",
    "pk": 77,
    "fields": {
        "user": 1,
        "movie_id": 420817,
        "genre_ids": [
            12,
            14,
            10749,
            10751
        ],
        "watch_date": "2019-06-08",
        "watch_time": "오후",
        "watch_place": "영화관",
        "watch_with_who": "연인",
        "watch_reason": [
            "재미있을 것 같아서"
        ],
        "rating": 4,
        "comment": "애니메이션 실사화에 성공한 케이스",
        "is_share_to_feed": true,
        "created_at": "2024-11-22T12:12:23.150"
    }
},
{
    "model": "movies.feed",
    "pk": 78,
    "fields": {
        "user": 1,
        "movie_id": 20526,
        "genre_ids": [
            12,
            28,
            878
        ],
        "watch_date": "2011-01-01",
        "watch_time": "오전",
        "watch_place": "영화관",
        "watch_with_who": "혼자",
        "watch_reason": [
            "재미있을 것 같아서"
        ],
        "rating": 3,
        "comment": "비주얼 합격, 소재 참신함 합격, 스토리 불합격, 재미 soso",
        "is_share_to_feed": true,
        "created_at": "2024-11-22T12:13:26.190"
    }
},
{
    "model": "movies.feed",
    "pk": 79,
    "fields": {
        "user": 1,
        "movie_id": 564,
        "genre_ids": [
            12,
            28,
            14
        ],
        "watch_date": "2024-08-03",
        "watch_time": "저녁",
        "watch_place": "집",
        "watch_with_who": "친구",
        "watch_reason": [
            "재미있을 것 같아서",
            "추천을 받아서"
        ],
        "rating": 4,
        "comment": "액션 활극 재밌어요",
        "is_share_to_feed": true,
        "created_at": "2024-11-22T12:13:58.502"
    }
},
{
    "model": "movies.feed",
    "pk": 80,
    "fields": {
        "user": 1,
        "movie_id": 217,
        "genre_ids": [
            12,
            28
        ],
        "watch_date": "2008-08-16",
        "watch_time": "밤",
        "watch_place": "영화관",
        "watch_with_who": "가족",
        "watch_reason": [
            "재미있을 것 같아서"
        ],
        "rating": 4,
        "comment": "재밌어요",
        "is_share_to_feed": true,
        "created_at": "2024-11-22T12:14:29.670"
    }
},
{
    "model": "movies.feed",
    "pk": 81,
    "fields": {
        "user": 1,
        "movie_id": 300668,
        "genre_ids": [
            878,
            27
        ],
        "watch_date": "2024-07-13",
        "watch_time": "저녁",
        "watch_place": "집",
        "watch_with_who": "연인",
        "watch_reason": [
            "재미있을 것 같아서"
        ],
        "rating": 3,
        "comment": "뭔가 부족했어",
        "is_share_to_feed": true,
        "created_at": "2024-11-22T12:15:00.094"
    }
},
{
    "model": "movies.feed",
    "pk": 82,
    "fields": {
        "user": 1,
        "movie_id": 9539,
        "genre_ids": [
            27,
            18,
            53
        ],
        "watch_date": "2024-05-11",
        "watch_time": "밤",
        "watch_place": "집",
        "watch_with_who": "혼자",
        "watch_reason": [
            "재미있을 것 같아서"
        ],
        "rating": 5,
        "comment": "극단적인 정제된 불쾌함은 소름이 끼친다",
        "is_share_to_feed": true,
        "created_at": "2024-11-22T12:15:37.445"
    }
},
{
    "model": "movies.feed",
    "pk": 83,
    "fields": {
        "user": 1,
        "movie_id": 9297,
        "genre_ids": [
            16,
            35,
            10751,
            14
        ],
        "watch_date": "2007-08-11",
        "watch_time": "오후",
        "watch_place": "집",
        "watch_with_who": "친구",
        "watch_reason": [
            "재미있을 것 같아서"
        ],
        "rating": 4,
        "comment": "재밌음 ㅋ",
        "is_share_to_feed": true,
        "created_at": "2024-11-22T12:16:10.070"
    }
},
{
    "model": "movies.feed",
    "pk": 84,
    "fields": {
        "user": 1,
        "movie_id": 7453,
        "genre_ids": [
            12,
            35,
            878
        ],
        "watch_date": "2020-08-15",
        "watch_time": "오후",
        "watch_place": "집",
        "watch_with_who": "친구",
        "watch_reason": [
            "재미있을 것 같아서"
        ],
        "rating": 4,
        "comment": "병맛은 이런거 아닐까",
        "is_share_to_feed": true,
        "created_at": "2024-11-22T12:16:38.541"
    }
},
{
    "model": "movies.feed",
    "pk": 85,
    "fields": {
        "user": 1,
        "movie_id": 9502,
        "genre_ids": [
            28,
            12,
            16,
            10751,
            35
        ],
        "watch_date": "2024-11-02",
        "watch_time": "오후",
        "watch_place": "기타",
        "watch_with_who": "가족",
        "watch_reason": [
            "재미있을 것 같아서"
        ],
        "rating": 4,
        "comment": "드래곤 워리어 와우",
        "is_share_to_feed": true,
        "created_at": "2024-11-22T12:17:13.446"
    }
},
{
    "model": "movies.feed",
    "pk": 86,
    "fields": {
        "user": 1,
        "movie_id": 561,
        "genre_ids": [
            14,
            28,
            27
        ],
        "watch_date": "2024-11-02",
        "watch_time": "오후",
        "watch_place": "집",
        "watch_with_who": "친구",
        "watch_reason": [
            "재미있을 것 같아서",
            "추천을 받아서"
        ],
        "rating": 4,
        "comment": "금연 권장 영화",
        "is_share_to_feed": true,
        "created_at": "2024-11-22T12:17:42.158"
    }
},
{
    "model": "movies.feed",
    "pk": 87,
    "fields": {
        "user": 2,
        "movie_id": 995926,
        "genre_ids": [
            28,
            80
        ],
        "watch_date": "2024-09-12",
        "watch_time": "오후",
        "watch_place": "영화관",
        "watch_with_who": "연인",
        "watch_reason": [
            "재미있을 것 같아서"
        ],
        "rating": 3,
        "comment": "정해인 잘생겼다",
        "is_share_to_feed": true,
        "created_at": "2024-11-22T12:51:44.977"
    }
},
{
    "model": "movies.feed",
    "pk": 88,
    "fields": {
        "user": 3,
        "movie_id": 597,
        "genre_ids": [
            18,
            10749
        ],
        "watch_date": "2024-11-01",
        "watch_time": "밤",
        "watch_place": "집",
        "watch_with_who": "혼자",
        "watch_reason": [
            "좋아하는 배우가 나와서"
        ],
        "rating": 5,
        "comment": "케이트 윈슬렛 너무 예쁘다",
        "is_share_to_feed": true,
        "created_at": "2024-11-22T12:54:47.832"
    }
},
{
    "model": "movies.feed",
    "pk": 89,
    "fields": {
        "user": 4,
        "movie_id": 338729,
        "genre_ids": [
            14,
            10749
        ],
        "watch_date": "2024-11-13",
        "watch_time": "저녁",
        "watch_place": "영화관",
        "watch_with_who": "친구",
        "watch_reason": [
            "좋아하는 배우가 나와서"
        ],
        "rating": 5,
        "comment": "내가 이현우 2초나온거 보러 2시간을 썼다. 그래도 여주 존예",
        "is_share_to_feed": true,
        "created_at": "2024-11-22T12:57:16.864"
    }
},
{
    "model": "movies.feed",
    "pk": 90,
    "fields": {
        "user": 5,
        "movie_id": 150540,
        "genre_ids": [
            16,
            10751,
            12,
            18,
            35
        ],
        "watch_date": "2015-07-16",
        "watch_time": "저녁",
        "watch_place": "영화관",
        "watch_with_who": "가족",
        "watch_reason": [
            "재미있을 것 같아서"
        ],
        "rating": 5,
        "comment": "내 머리속에는 최소 다섯명이 살아",
        "is_share_to_feed": true,
        "created_at": "2024-11-22T13:02:33.321"
    }
},
{
    "model": "movies.feed",
    "pk": 91,
    "fields": {
        "user": 5,
        "movie_id": 107235,
        "genre_ids": [
            35,
            10749
        ],
        "watch_date": "2012-03-22",
        "watch_time": "저녁",
        "watch_place": "영화관",
        "watch_with_who": "친구",
        "watch_reason": [
            "재미있을 것 같아서",
            "좋아하는 영화감독이라"
        ],
        "rating": 4,
        "comment": "아역들이 다함. 성인으로 넘어가는 순간 망함. 첫사랑 찾음. 이제훈 쌉존잘",
        "is_share_to_feed": true,
        "created_at": "2024-11-22T13:04:26.400"
    }
},
{
    "model": "movies.feed",
    "pk": 92,
    "fields": {
        "user": 6,
        "movie_id": 394117,
        "genre_ids": [
            18
        ],
        "watch_date": "2024-10-09",
        "watch_time": "오전",
        "watch_place": "영화관",
        "watch_with_who": "혼자",
        "watch_reason": [
            "재미있을 것 같아서"
        ],
        "rating": 5,
        "comment": "행복하렴... 아이들아...... 😭",
        "is_share_to_feed": true,
        "created_at": "2024-11-22T13:09:06.024"
    }
},
{
    "model": "movies.feed",
    "pk": 93,
    "fields": {
        "user": 6,
        "movie_id": 244786,
        "genre_ids": [
            18,
            10402
        ],
        "watch_date": "2024-10-28",
        "watch_time": "저녁",
        "watch_place": "집",
        "watch_with_who": "친구",
        "watch_reason": [
            "재미있을 것 같아서"
        ],
        "rating": 5,
        "comment": "존잼",
        "is_share_to_feed": true,
        "created_at": "2024-11-22T13:09:57.840"
    }
},
{
    "model": "movies.feed",
    "pk": 94,
    "fields": {
        "user": 7,
        "movie_id": 257211,
        "genre_ids": [
            35
        ],
        "watch_date": "2021-03-23",
        "watch_time": "오후",
        "watch_place": "집",
        "watch_with_who": "가족",
        "watch_reason": [
            "기타"
        ],
        "rating": 5,
        "comment": "재밌다 !!",
        "is_share_to_feed": true,
        "created_at": "2024-11-22T13:15:53.145"
    }
},
{
    "model": "movies.feed",
    "pk": 95,
    "fields": {
        "user": 7,
        "movie_id": 11036,
        "genre_ids": [
            10749,
            18
        ],
        "watch_date": "2022-10-20",
        "watch_time": "밤",
        "watch_place": "집",
        "watch_with_who": "혼자",
        "watch_reason": [
            "추천을 받아서"
        ],
        "rating": 5,
        "comment": "감동적이고 여운이 남는 영화였습니당 !",
        "is_share_to_feed": true,
        "created_at": "2024-11-22T13:18:25.665"
    }
},
{
    "model": "movies.feed",
    "pk": 96,
    "fields": {
        "user": 8,
        "movie_id": 150540,
        "genre_ids": [
            16,
            10751,
            12,
            18,
            35
        ],
        "watch_date": "2015-06-30",
        "watch_time": "오후",
        "watch_place": "영화관",
        "watch_with_who": "가족",
        "watch_reason": [
            "재미있을 것 같아서"
        ],
        "rating": 5,
        "comment": "내 인생 영화 최고",
        "is_share_to_feed": true,
        "created_at": "2024-11-22T16:02:26.515"
    }
},
{
    "model": "movies.feed",
    "pk": 97,
    "fields": {
        "user": 8,
        "movie_id": 1022789,
        "genre_ids": [
            16,
            10751,
            12,
            35,
            18
        ],
        "watch_date": "2024-03-14",
        "watch_time": "저녁",
        "watch_place": "영화관",
        "watch_with_who": "연인",
        "watch_reason": [
            "재미있을 것 같아서"
        ],
        "rating": 5,
        "comment": "2도 재밌다",
        "is_share_to_feed": true,
        "created_at": "2024-11-22T16:05:02.361"
    }
},
{
    "model": "movies.feed",
    "pk": 98,
    "fields": {
        "user": 9,
        "movie_id": 919207,
        "genre_ids": [
            18,
            36,
            53,
            80,
            10752
        ],
        "watch_date": "2024-10-08",
        "watch_time": "밤",
        "watch_place": "집",
        "watch_with_who": "친구",
        "watch_reason": [
            "재미있을 것 같아서",
            "추천을 받아서",
            "좋아하는 배우가 나와서"
        ],
        "rating": 5,
        "comment": "굉장히 재밌게 보았습니다",
        "is_share_to_feed": true,
        "created_at": "2024-11-22T16:53:38.011"
    }
},
{
    "model": "movies.movie",
    "pk": 105,
    "fields": {
        "original_title": "Back to the Future",
        "overview": "마티 맥플라이(마이클 J. 폭스)는 평범한 고등학생이다. 그런데 평소 친하게 지내던 괴상한 발명가 에메트 브라운 박사(크리스토퍼 로이드)가 스포츠카 드로리안을 개조해 타임머신을 만들고, 뜻밖의 사고로 브라운 박사가 테러범들에게 총을 맞고 위험해진 상황에서 마티는 30년 전으로 가게 된다. 극장 간판에는 2류 배우인 로널드 레이건이 보이고 청년인 아버지와 어머니를 보게 된다. 젊은 아버진 멍청하고, 어머니는 미래의 아들인 마티를 좋아해 야단이다. 마티가 미래로 가는 것을 도와 줄 사람은 30년 전인 젊은 브라운 박사뿐인데...",
        "poster_path": "/7gGicAJdHRzaUd6qLjH5bSW4Cgi.jpg",
        "title": "빽 투 더 퓨쳐",
        "vote_average": 8.317
    }
},
{
    "model": "movies.movie",
    "pk": 137,
    "fields": {
        "original_title": "Groundhog Day",
        "overview": "잘나가는 기상 캐스터 필 코너스는 매해 펑서토니에서 열리는 성촉절 취재를 위해 촬영을 나갔다가 이상한 경험을 하게된다. 취재를 건성으로 끝내고 돌아가려는데 기상 예보에도 없었던 폭설을 만나 발이 묶이게 되고, 다음날 일어났더니 날짜가 하루 지난 것이 아닌 바로 어제의 그날, 그 장소였던 것이다. 어제와 똑같은 오늘이 반복되자 필 코너스는 매일 매일을 관찰하여 여자를 꼬시기도 하고, 금고 수송 차량을 털어 멋진차를 사기도 한다. 하지만 반복되는 나날들에 환멸을 느끼게 되고 결국 자살을 시도하지만 여전히 일어나면 바로 어제의 그 시간, 그 장소로 돌아간다. 그런 가운데 그는 함께 온 신임 프로듀서 리타의 착하고 순수한 마음을 알게되고, 그녀를 진심으로 사랑하게 된다. 매일 그녀의 생각과 행동들을 익히게 되고, 그녀의 마음을 얻으려하지만 하루만에 이루어지지 않는 사랑도 있는 법, 필 코너스는 언제까지 같은 시간 같은 장소에 묶여있게 될까?",
        "poster_path": "/1sWyuim6Ck0qIUAr2SvuLCGdmkb.jpg",
        "title": "사랑의 블랙홀",
        "vote_average": 7.6
    }
},
{
    "model": "movies.movie",
    "pk": 176,
    "fields": {
        "original_title": "Saw",
        "overview": "어느 지하실. 자신들의 발목에 쇠줄이 묶인 채 마주하게 된 ‘아담’(리 와넬)과 닥터 ‘고든’(캐리 엘위스). 중앙에는 자신의 머리를 총으로 쏘고 자살한 듯한 사내가 피투성이가 되어 누워 있을 뿐, 이 둘은 자신들이 왜 잡혀왔는지, 서로가 누군지조차 모르고 있다. 주머니 속에 들어있는 테이프. 테이프에 들어있는 누군가의 메시지. 어떻게든 빠져나가려고 갖은 애를 써보지만 소용이 없다. 이제 둘은 자신들의 하루 전 기억을 더듬어 보는데. ‘고든’은 이 일이 최근 계속되고 있는 연쇄살인과 관계가 있음을 깨닫게 된다. 끔찍한 연쇄살인의 현장에 자신의 펜이 떨어져 있었고, 그 증거물을 근거로 ‘탭’형사(대니 글로버)가 자신을 찾아왔던 것. 한편, 연쇄살인을 추적하던 ‘탭’형사는 닥터 ‘고든’을 범인으로 지목하고 그 뒤를 쫓는데…",
        "poster_path": "/vRVtn1HLMGMHbUsAJkFLC6oT6pQ.jpg",
        "title": "쏘우",
        "vote_average": 7.421
    }
},
{
    "model": "movies.movie",
    "pk": 215,
    "fields": {
        "original_title": "Saw II",
        "overview": "심판이라는 이름으로 희생자를 속출시킨 희대의 지능적 살인마 ‘직쏘’! 잡힐 것 같지 않던 직쏘를 예상외로 쉽게 체포하는데 성공한 형사 에릭은 사건을 종결시키려 하지만.. 그것은 끝이 아니었다. 직쏘는 평소 에릭과 사이가 좋지 않았던 에릭의 아들을 포함한 8명의 또 다른 희생자를 자신만이 아는 장소에 가두고 새로운 게임을 제안한 것!  최악의 현실,, 생존하고 싶다면 규칙을 기억하라!  3시간 후에야 열리는 폐쇄 공간,, 하지만 이미 퍼져 나오는 독가스는 2시간 안에 모두를 죽일 것이다. 숨겨진 해독제, 공통점으로 묶인 8명의 사람들, 규칙을 기억한다면 살아남을 수 있을 것이라는 직쏘의 녹음기 음성. 절체 절명의 게임을 제안 받은 8명은 죽음의 위협 앞에서 각기 다른 생존 방법을 찾기 시작하고 이들을 모니터로 지켜 보던 에릭은 미칠 것 같은 불안에 사로잡힌다. 그러나 직쏘는 그저 규칙을 기억하라는 얘기만 되풀이 하는데...",
        "poster_path": "/cxGoZv6pYcDEN1nMBtOYEhSDdx4.jpg",
        "title": "쏘우 2",
        "vote_average": 6.6
    }
},
{
    "model": "movies.movie",
    "pk": 217,
    "fields": {
        "original_title": "Indiana Jones and the Kingdom of the Crystal Skull",
        "overview": "냉전이 최고조에 다다른 1957년. 인디아나 존스는 친한 동료 맥과 함께 소련의 한 비행장에서 목숨을 위협하는 소련 특수부대 이리나 스팔코 일당의 추격을 피해 힘겹게 탈출한다. 일상으로 돌아간 인디아나 존스는 대학에서 고고학 강의를 하며 평범하게 지내고 싶어하지만 소련에서의 탈출 사건과 고고학 연구에 관련해 자신의 교수직을 해고하려는 정부의 또 다른 압력이 있다는 것을 알게 된다. 어쩔 수 없이 모든 것을 정리하고 대학을 떠나려던 찰나, 그의 앞에 반항기 가득한 청년 머트 윌리암스가 나타나는데...",
        "poster_path": "/fUr6qCTaXwWEc3A8X6NqtebRgaL.jpg",
        "title": "인디아나 존스: 크리스탈 해골의 왕국",
        "vote_average": 6.011
    }
},
{
    "model": "movies.movie",
    "pk": 218,
    "fields": {
        "original_title": "The Terminator",
        "overview": "1997년, 인간이 만든 인공지능 컴퓨터 전략 방어 네트워크가 스스로의 지능을 갖추고는 인류를 핵전쟁의 참화을 일으켜 30억이라는 인류를 잿더미 속에 묻어버린다. 그리고 남은 인간들은 기계의 지배를 받아 시체를 처리하는 일 등에 동원된다. 이때 비상한 지휘력과 작전으로 인간들을 이끌던 사령관 존 코너는 반기계 연합을 구성, 기계와의 전쟁을 시작하면서 상황은 반전된다. 이에 기계는 존 코너의 탄생 자체를 막기 위해 2029년의 어느 날 타임머신에 터미네이터를 태워서 1984년의 L.A로 보내게 된다.",
        "poster_path": "/sez4xWeylbYQqiI8HIgnciTP7MY.jpg",
        "title": "터미네이터",
        "vote_average": 7.662
    }
},
{
    "model": "movies.movie",
    "pk": 278,
    "fields": {
        "original_title": "The Shawshank Redemption",
        "overview": "촉망받는 은행 간부 앤디 듀프레인은 아내와 그녀의 정부를 살해했다는 누명을 쓴다. 주변의 증언과 살해 현장의 그럴듯한 증거들로 그는 종신형을 선고받고 악질범들만 수용한다는 지옥같은 교도소 쇼생크로 향한다. 인간 말종 쓰레기들만 모인 그곳에서 그는 이루 말할 수 없는 억압과 짐승보다 못한 취급을 당한다. 그러던 어느 날, 간수의 세금을 면제받게 해 준 덕분에 그는 일약 교도소의 비공식 회계사로 일하게 된다. 그 와중에 교도소 소장은 죄수들을 이리저리 부리면서 검은 돈을 긁어 모으고 앤디는 이 돈을 세탁하여 불려주면서 그의 돈을 관리하는데...",
        "poster_path": "/oAt6OtpwYCdJI76AVtVKW1eorYx.jpg",
        "title": "쇼생크 탈출",
        "vote_average": 8.707
    }
},
{
    "model": "movies.movie",
    "pk": 280,
    "fields": {
        "original_title": "Terminator 2: Judgment Day",
        "overview": "미래, 인류와 기계의 전쟁은 계속 되는 가운데 스카이넷은 인류 저항군 사령관 존 코너를 없애기 위해 액체 금속형 로봇인 T-1000(로버트 패트릭)을 과거의 어린 존 코너에게로 보낸다. 형태의 변신과 자가 치유까지 가능한 T-1000에 대항하고 존 코너를 지키기 위해 인류 저항군은 T-101(아놀드 슈왈제네거)을 과거로 급파한다. 미래의 인류 운명을 쥔 어린 존 코너, 그를 구해내지 않으면 인류의 미래는 없다. 반드시 제거해야 하는 스카이넷의 T-1000은 거침없이 존 코너 일행을 위협하며 숨가쁜 추격을 시작하는데...",
        "poster_path": "/nDVUiEqoeXaDQuM81KkUVNviYIm.jpg",
        "title": "터미네이터 2: 심판의 날",
        "vote_average": 8.1
    }
},
{
    "model": "movies.movie",
    "pk": 329,
    "fields": {
        "original_title": "Jurassic Park",
        "overview": "코스타리카 서해안의 한 섬에 세워진 테마 파크 쥬라기 공원. 최신 복제 기술로 살아난 공룡들이 활보하는 이곳에 공룡학자를 비롯한 각계의 전문가가 일반 공개에 앞서 정밀 안전 진단을 위한 투어에 나선다. 그러나 최첨단 컴퓨터 시스템으로 철저히 통제되고 있는 공룡들이 예기치 않은 사고로 폭주하게 되고, 여기에 설상가상으로 태풍까지 몰려오면서 일행들의 투어는 순식간에 생존을 위한 사투의 현장으로 뒤바뀌는데...",
        "poster_path": "/m4T4h20ame5nG7a5iNPCwk0pHEG.jpg",
        "title": "쥬라기 공원",
        "vote_average": 7.952
    }
},
{
    "model": "movies.movie",
    "pk": 350,
    "fields": {
        "original_title": "The Devil Wears Prada",
        "overview": "명문대학을 졸업한 소도시 출신의 앤드리아 삭스는 저널리스트 꿈을 안고 뉴욕에 상경한다. 나름 대학에서 편집장도 하고 상도 받았던 그녀는 자신감에 차 뉴욕의 여러 언론사에 이력서를 넣지만 결과는 처참했다. 결국 그의 이력서에 답한 곳은 오직 한 곳 런웨이 뿐이다. 런웨이는 세계 최고의 패션지로 누구나 입사하기를 열망하는 곳이지만 앤드리아에게는 탐탁치 않는 자리. 그도 그럴 것이 저널리스트를 꿈꾸는 그녀가 면접을 볼 자리는 편집장의 비서직이었던 것이다. 앤드리아는 패션의 ‘패’자도 모르고 런웨이가 어떤 잡지인지, 그곳의 편집장이 얼마나 패션계에서 유명한 사람인지 전혀 모르지만 뉴욕에서 꼭 성공하겠다는 열정 하나로 당당하게 면접을 보러 간다. 그런데…!!!  면접 날부터 앤드리아는 온갖 무시를 당한다. 그녀의 옷차림새는 런웨이의 패셔너블한 패셔니스타들 사이에서 독보적으로 눈에 띌 만큼 촌스러웠다. 그리고 그녀가 모셔야(!) 할 편집장 미란다 프리슬리는 그야말로 지옥에서 온 악마 같은 상사! 자신과 너무나 틀린 이곳에 입사하는 것을 포기한 앤드리아. 그런데 그때 그녀는 합격했다는 말을 듣는다. 앤드리아는 온통 첫 직장생활의 꿈에 부풀어 남자친구 네이트와 친구들에게 일장 자랑을 늘어놓는다. 하지만 지옥 같은 현실이 곧 그녀 앞에 놓여있었으니…",
        "poster_path": "/ySp5RmSAMzw8KCeH94cCaPPfhLu.jpg",
        "title": "악마는 프라다를 입는다",
        "vote_average": 7.4
    }
},
{
    "model": "movies.movie",
    "pk": 553,
    "fields": {
        "original_title": "Dogville",
        "overview": "미국 로키산맥의 작은 마을 도그빌. 어느 날 총소리와 함께 아름다운 여자 그레이스가 찾아온다. 갱들한테 쫓기는 그를 마을 사람들은 불안해하면서도 숨겨준다. 2주 동안의 유예기간을 두고 그레이스를 관찰한 마을 사람들은 고운 심성과 지적 능력, 무엇보다 자기 몸을 아끼지 않는 헌신적인 노동을 높이 사 마을의 일원으로 받아들인다. 어느 날 경찰이 나타나 수배 전단을 붙이자 상황은 급변한다. 숨겨주는 대가로 노예 수준으로 전락한 노동을 강요하더니 급기야 내놓고 성적 학대를 가한다. 결국 그레이스는 마을을 탈출하기로 결심하지만 그녀의 계획은 수포로 돌아가고, 마을 사람들은 그녀가 도망가지 못하도록 개목걸이를 채우기까지 하는데...",
        "poster_path": "/gwX5Vm9zGzxcZcr3BbthdsPUVdW.jpg",
        "title": "도그빌",
        "vote_average": 7.8
    }
},
{
    "model": "movies.movie",
    "pk": 561,
    "fields": {
        "original_title": "Constantine",
        "overview": "인간의 형상을 한 혼혈 천사와 혼혈 악마가 존재하는 세상. 태어날 때부터 그들을 구분하는 능력을 타고난 존 콘스탄틴은 자신의 능력을 저주하며 운명에서 벗어나기 위해 자살을 시도하지만 실패하고 만다. 그 후 다시 살아난 그는 천국과 지옥의 경계를 넘나들며 세상에 존재하는 악을 지옥으로 돌려보내기에 나선다. 그래야만 지옥으로 가게 되어 있는 자신의 운명이 뒤바뀌어 천국으로 들어갈 수 있음을 깨달았기 때문이다. 술, 담배에 쩔어 살면서 계속되는 전투에 지쳐만 가던 콘스탄틴. 그런 그에게 어느 날, LA 강력계 소속의 형사 안젤라가 찾아와 쌍둥이 동생의 죽음에 대한 의문을 풀기 위해 도움을 요청한다. 그러나 사건을 파헤칠수록 거대한 어둠의 힘 속으로 빨려 들게 되는데...",
        "poster_path": "/zHqg19nxvHKu8OS7RZWMBLGWxrz.jpg",
        "title": "콘스탄틴",
        "vote_average": 7.095
    }
},
{
    "model": "movies.movie",
    "pk": 564,
    "fields": {
        "original_title": "The Mummy",
        "overview": "고대 이집트의 파라오 중 가장 영화를 누렸던 세티 1세의 시대. 세티 1세의 정부인 앙크수나문과 세티 1세의 총애을 한몸에 받던 승정원 이모탭은 금지된 사랑에 빠진다. 그러나 그들의 운명적인 사랑은 얼마되지 않아 파라오에게 발각되고 이에 앙크수나문은 자결하게 된다. 이모텝은 흑마서의 주문으로 그녀를 부활시키려 하지만, 파라오의 근위대에 붙잡히게 되고, '홈다이'라는 형벌에 처해진다. 홈다이란 산 채로 석관에 갇혀 영원히 생시체가 되는 끔찍한 극형. 결국 금지된 사랑은 파라오의 저주로 비극적인 끝을 맺고 왕족들이 잠든 하무납트라는 죽음의 도시가 되어 역사 속에 묻힌다.  황금의 유물을 찾아 여러 탐험가들이 하무납트라를 찾아오지만 하나 같이 의문의 죽음을 당하고, 전투 중에 피신했던 외인부대 장교 오커넬만이 유일하게 살아남는다. 그 소식을 들은 이집트 박물관 사서 이비와 그녀의 오빠 조나단이 오커넬을 찾아오고 죽음의 도시 하무납트라에 관한 단서를 듣게 된다. 용기와 모험심으로 뭉친 세 사람은 의기 투합하여 하무납트라의 황금유물을 찾아 떠나기로 한다.  한편 파라오의 저주를 푸는 열쇠를 손에 넣은 조나단은 실수로 이모텝을 부활시키고, 마침내 3천년을 기다려온 엄청난 분노가 온 이집트를 뒤덮는데. 아무것도 모르는 세 사람은 죽음과 저주의 왕국 한 가운데에서 살아난 미이라와의 사투를 벌인다.",
        "poster_path": "/31lxBgDl51HYnAnIV41aPyK4em7.jpg",
        "title": "미이라",
        "vote_average": 6.936
    }
},
{
    "model": "movies.movie",
    "pk": 597,
    "fields": {
        "original_title": "Titanic",
        "overview": "\"내 인생의 가장 큰 행운은 당신을 만난 거야\" 우연한 기회로 티켓을 구해 타이타닉호에 올라탄 자유로운 영혼을 가진 화가 ‘잭’(레오나르도 디카프리오)은 막강한 재력의 약혼자와 함께 1등실에 승선한 ‘로즈’(케이트 윈슬렛)에게 한눈에 반한다. 진실한 사랑을 꿈꾸던 ‘로즈’ 또한 생애 처음 황홀한 감정에 휩싸이고, 둘은 운명 같은 사랑에 빠지는데… 가장 차가운 곳에서 피어난 뜨거운 사랑! 영원히 가라앉지 않는 세기의 사랑이 펼쳐진다!",
        "poster_path": "/132KjhVrWUqKFVfMAKKNkherytA.jpg",
        "title": "타이타닉",
        "vote_average": 7.9
    }
},
{
    "model": "movies.movie",
    "pk": 617,
    "fields": {
        "original_title": "Wild Things",
        "overview": "부유한 해변도시 블루베이. 그중에서도 부유층 학생들이 다니는 블루베이 고등학교의 상담교사 샘은 잘생기고 매력적인 남자. 수많은 여학생들이 샘에 대한 짝사랑으로 애간장을 태우고 그 역시 얼굴값을 하느라 그런지 숱한 여자들과 염문을 뿌린다. 블루베이 최고의 부동산 재벌인 산드라의 딸 켈리 역시 샘의 관심을 끌려고 애쓰는데, 그러던 어느날 켈리에게 기회가 온다. 주말에 샘의 차를 세차해주기로 약속한 켈리는 요염한 몸짓으로 그를 유혹한다. 그런데... 다음날 켈리는 성범죄 담당형사 레이를 만나 샘에게 강간당했다고 얘기한다. 흥분한 산드라는 학교 이사회를 소집해 샘의 교사 자격을 정지시키고 그를 법정에 세우지만 샘은 결백을 주장한다. 이때 같은 블루베이 고등학교의 학생 수지가 나타나 자신도 역시 샘에게 강간당했다고 말하면서 재판은 샘에게 점차 불리해져 간다. 하지만 며칠 후 수지가 사라지면서 사건은 전혀 뜻밖의 방향으로 전개된다.",
        "poster_path": "/98GXattDiX7ao6yT2ryjAH17Gnv.jpg",
        "title": "와일드 씽",
        "vote_average": 6.4
    }
},
{
    "model": "movies.movie",
    "pk": 1858,
    "fields": {
        "original_title": "Transformers",
        "overview": "인류의 미래를 좌우할 거대 에너지원을 찾는 데 결정적 열쇠를 지닌 주인공 '샘'. 어느 날 밤, 자신의 낡은 자동차가 거대한 로봇으로 변신하는 놀라운 현장을 목격한다. 샘의 자동차는 바로 지구를 지키려는 '오토봇' 군단의 '범블비'로, 샘을 보호하기 위해 파견된 트랜스포머인 것이다. 샘을 찾아내 거대 에너지원을 손에 쥐어 지구를 지배하려는 악의 '디셉티콘' 군단과 지구를 지키려는 정의의 '오토봇' 군단의 숨막히는 대결이 펼쳐지는데… 자동차, 헬기, 전투기 등 다양한 형태로 변신해 지구에 존재를 숨겨온 트랜스포머들. 인류를 위협하는 디셉티콘 군단과 인류를 보호하려는 오토봇 군단간의 지구의 운명을 건 거대한 전쟁이 시작된다.",
        "poster_path": "/xxj02oRohOlb8jhMh7UKR7yCucb.jpg",
        "title": "트랜스포머",
        "vote_average": 6.808
    }
},
{
    "model": "movies.movie",
    "pk": 1893,
    "fields": {
        "original_title": "Star Wars: Episode I - The Phantom Menace",
        "overview": "공화국력 BBY 32년, 공화국이 큰 분쟁에 휩싸인다. 상인 조직인 무역 연합이 암흑에 가린 세력의 조종을 받고 나부 행성을 봉쇄해버린 것. 분쟁을 해결하기 위해 은하계 원로 회의는 콰이곤 진과 오비완 케노비 두 제다이를 파견한다. 타투인 행성에서 그는 노예 구역에서 어머니와 살고 있는 아나킨 스카이워커라는 소년을 만나 그가 미래의 은하계를 구할 수 있는 강한 힘을 가진 인물임을 믿고 그를 데려간다. 한편 나부 행성이 침입을 받자 아미달라 여왕은 은하계 원로 회의에 도움을 청하나, 원로 회의는 힘을 상실한 상태로 나부 행성은 위험에 처하게 되는데...",
        "poster_path": "/pt7oxFkvQFzXD0ByCe1uJumL6vD.jpg",
        "title": "스타워즈 에피소드 1: 보이지 않는 위험",
        "vote_average": 6.556
    }
},
{
    "model": "movies.movie",
    "pk": 1895,
    "fields": {
        "original_title": "Star Wars: Episode III - Revenge of the Sith",
        "overview": "클론 전쟁이 시작되었던 때로부터 3년이 지나고 팰퍼틴 의장과 제다이 사이의 불화는 더욱 커져 클론 전쟁은 더 이상 걷잡을 수 없게 격화된다. 자신이 제다이가 될 것임을 굳게 믿고 있던 아나킨은 제다이 기사 자격을 줄 수 없다는 기사단의 결정에 절망하고, 스승인 오비완과의 갈등은 더욱 깊어만 간다. 그런 아나킨에게 자신의 정체를 드러낸 팰퍼틴은 절대적인 힘을 갖게 해 주겠다며 그를 유혹하고, 아나킨은 점점 어둠의 힘에 이끌려 변해간다. 어둠의 세력에 완전히 장악 당한 아나킨은 자신에게는 아버지나 다름없는 오비완과 맞닥뜨리게 되는데...",
        "poster_path": "/cKrtSemvrt2tOeHLgxCWauJ3URr.jpg",
        "title": "스타워즈 에피소드 3: 시스의 복수",
        "vote_average": 7.434
    }
},
{
    "model": "movies.movie",
    "pk": 4550,
    "fields": {
        "original_title": "친절한 금자씨",
        "overview": "사람들의 시선을 단번에 사로잡을 만큼 뛰어난 미모의 소유자인 금자는 20살에 죄를 짓고 감옥에 가게 된다. 어린 나이, 너무나 아름다운 외모로 인해 검거되는 순간에도 언론에 유명세를 치른다. 누구보다 성실하고 모범적인 수감생활을 보내는 금자. 친절한 금자씨라는 말도 교도소에서마저 유명세를 떨치던 그녀에게 사람들이 붙여준 별명이다. 13년간의 복역을 무사히 마치고 출소하는 순간, 금자는 그 동안 치밀하게 준비해온 복수를 시작한다. 그녀가 복수하려는 인물은 자신을 죄인으로 만든 백선생. 그녀가 친절을 베풀며 도왔던 동료들은 이제 다양한 방법으로 금자의 복수를 돕는다.",
        "poster_path": "/1TCQnCIIiTXROsCPKwYvnqll8Ta.jpg",
        "title": "친절한 금자씨",
        "vote_average": 7.542
    }
},
{
    "model": "movies.movie",
    "pk": 5595,
    "fields": {
        "original_title": "La Habitación de Fermat",
        "overview": "서로에 대해 전혀 알지 못하는 네 명의 수학자가 위대한 수수께끼를 풀어달라는 정체를 알 수 없는 초대로 받는다. 그러나 그들 앞에 놓인 것은 제한 시간인 1분 내에 문제를 풀지 못하면 사방이 오그라드는 밀실뿐이다. 살아남을 수 있는 유일한 방법은 문제를 푸는 것뿐. 그들은 왜 이 방에 초대되었으며, 그들은 이방에 초대한 인물은 누구인가? 목숨을 건 치열한 두뇌 게임이 지금 시작된다…!",
        "poster_path": "/79gc63t2TnhWrdTk7FMdyxYhbNg.jpg",
        "title": "페르마의 밀실",
        "vote_average": 6.617
    }
},
{
    "model": "movies.movie",
    "pk": 5924,
    "fields": {
        "original_title": "Papillon",
        "overview": "프랑스령 기아나로 향하던 죄수 수송선에서 만난 빠삐용(스티브 맥퀸)과 드가(더스틴 호프만). 빠삐용은 무죄지만 살인죄로, 드가는 위조 지폐범으로 잡혀 와 죄수들이 겪는 끔찍한 일들을 겪게 된다. 시간이 지나며 빠삐용과 드가 사이에는 짙은 우정이 오간다. 빠삐용은 자신을 범인으로 몰아붙인 검사에 대한 복수를 위해, 드가는 아내에게 당한 배신 때문에 탈주를 하기로 한다. 그러나 첫번째 탈주에서 이들은 실패하여 독방에서 2년을 보내게 되고, 빠삐용은 다시 탈주를 시도하여 겨우 콜롬비아에 도착하여 지내지만 수도원의 원장에게 속아 다시 세인트 조셉프의 독방에서 5년을 보내게 된다. 드가의 우정만이 빠삐용에게 용기를 주는데...",
        "poster_path": "/pxf5PGraqi7NhOXIIlodPareQ7H.jpg",
        "title": "빠삐용",
        "vote_average": 7.84
    }
},
{
    "model": "movies.movie",
    "pk": 6795,
    "fields": {
        "original_title": "Zathura: A Space Adventure",
        "overview": "늘 티격태격하는 대니와 월터 형제는 아빠(팀로빈스)가 출근한 사이 지하실에서 오래된 보드게임 자투라를 발견한다. 성질 더러운 누나 리사가 잠든 사이 몰래 게임을 시작하는 두 형제… 하지만 게임판의 레버를 당기자마자 집은 우박처럼 쏟아져내리는 유성 때문에 만신창이가 되고, 간신히 유성을 피한 대니와 월터가 밖으로 도망치려 문을 여는 순간 눈앞에는 끝없이 광활한 우주가 펼쳐져 있었다…  한순간에 우주로 날아간 두 형제는 게임을 시작한 사람이 끝낼 때까지는 영원히 게임 속 우주에 갇힌다는 사실을 알게 되는데… 과연 대니와 월터는 자투라 카드 때문에 꽁꽁 얼어버린 리사, 영원히 우주를 방황하는 우주비행사, 미쳐버린 파괴 로봇, 그리고 공포의 외계인 조르곤의 공격, 엄청난 크기의 혜성 등 온갖 난관을 이겨내고 무사히 지구로 돌아올 수 있을까?",
        "poster_path": "/vqlO85lnKJYjermfKKs0af8LRTA.jpg",
        "title": "자투라: 스페이스 어드벤쳐",
        "vote_average": 6.426
    }
},
{
    "model": "movies.movie",
    "pk": 7453,
    "fields": {
        "original_title": "The Hitchhiker's Guide to the Galaxy",
        "overview": "은하계 초공간 개발위원회 소속 우주인들은 초공간 이동용 우회 고속도로의 건설을 위해 도로부지에 위치한 지구의 철거를 결심한다. 지구의 폭발 일보 직전, 영국인 아서 덴트는 가장 친한 친구였던 포드 프리펙트에 의해 구출되는데, 실제로 포드는 은하수를 여행하는 히치하이커를 위한 안내서 개정판 작업을 진행중이던 우주인이었다. 둘은 이제 히치하이커가 되어 포드의 사촌 자포드 비블브락스, 그리고 또다른 지구인 트릴리언과 동행하게 된다. 여정을 통해 아서는 지구가 우주와 생명의 신비를 밝혀내기 위해 슈퍼 컴퓨터가 프로그래밍한 일종의 컴퓨터에 불과함을 알게 되는데...",
        "poster_path": "/e0UnZeRjzOzc3i4XhJ3K2JLWcxJ.jpg",
        "title": "은하수를 여행하는 히치하이커를 위한 안내서",
        "vote_average": 6.663
    }
},
{
    "model": "movies.movie",
    "pk": 8078,
    "fields": {
        "original_title": "Alien Resurrection",
        "overview": "페레즈 장군이 지휘하는 연방군 의학탐사선 아우리가호는 에일리언과의 격전지였던 행성 피오리 16호에서 찾아낸 리플리의 혈액으로부터 DNA 샘플을 채취, 미수정란을 이용한 유전공학으로 리플리를 부활시키고, 이와 함께 복제된 퀸 에일리언의 태아를 리플리의 몸에서 분리해내는 데도 성공을 거둔다. 이들의 목적은 에일리언을 길들여 군견과 같은 용도로 사용하려는 것. 한편 리플리 또한 에일리언과의 유전자 결합으로 본능이 극대화된 뜻하지 않은 결과로 과학자들을 고무시키고, 페레즈 장군은 단지 에일리언을 재생하기 위한 부산물에 불과한 리플리를 두고 갈등한다.",
        "poster_path": "/8xv7mKnaks3vk3Y3eIuwMXJU6Og.jpg",
        "title": "에이리언 4",
        "vote_average": 6.155
    }
},
{
    "model": "movies.movie",
    "pk": 8392,
    "fields": {
        "original_title": "となりのトトロ",
        "overview": "1955년 일본의 아름다운 시골 마을, 상냥하고 의젓한 11살 사츠키와 장난꾸러기에 호기심 많은 4살의 메이 는 사이좋은 자매로 아빠와 함께 도시를 떠나 시골로 이사온다. 자상한 아빠 쿠사카베타츠오는 도쿄에서 대학 연구원이며, 입원 중이지만 따뜻한 미소를 잃지 않는 엄마가 있다. 곧 퇴원하실 엄마를 공기가 맑은 곳에서 맞이하기 위해서다. 숲 한복판에 금방이라도 쓰러질 것처럼 낡은 집을 보며 자매는 새로운 환경에 대한 호기심으로 잔뜩 들뜬다. 그러던 어느 날 사츠키가 학교에 간 동안 메이는 숲에서 정령을 만나다. 메이는 그 정령에게 토토로란 이름을 붙여주는데...",
        "poster_path": "/c9zCkL0rTkNQ1HB9cmeFIqbkS50.jpg",
        "title": "이웃집 토토로",
        "vote_average": 8.069
    }
},
{
    "model": "movies.movie",
    "pk": 8844,
    "fields": {
        "original_title": "Jumanji",
        "overview": "1969년 공장을 운영하는 아버지 밑에서 유복하지만 엄격하게 자라는 열두 살짜리 소년 앨런은 어느날 공장 신축부지에서 이상한 북소리를 듣는다. 소리를 따라간 앨런은 나무로 만들어진 이상한 게임판을 발견한다. 마침 집에 온 새라와 함께 게임을 하던 앨런은 그만 게임의 마법에 걸려 게임판 속으로 흔적도 없이 사라진다. 1995년, 쥬디와 피터는 교통사고로 부모를 잃고 고모와 함께 살기 위해 값이 싼 커다란 집으로 이사온다.  어느날 고모가 직장으로 출근하고 난 뒤 두 아이는 먼지 쌓인 다락방에서 들려오는 이상한 북소리를 듣게 된다. 북소리에 이끌려 쥬디와 피터가 찾아낸 것은 쥬만지 게임판이다. 호기심 많은 두 아이는 게임판의 지시에 따라 주사위를 던지고 지금껏 한 번도 본 적이 없는 세계와 만나게 된다. 그들은 게임을 그만두려고 하지만 자신들과의 의지와 상관없이 게임은 계속되고…",
        "poster_path": "/jjJohGbwz9kRaf490dZ158vbHho.jpg",
        "title": "쥬만지",
        "vote_average": 7.241
    }
},
{
    "model": "movies.movie",
    "pk": 8914,
    "fields": {
        "original_title": "Deep Blue Sea",
        "overview": "바다 위에 떠있는 수상 연구소 아쿠아티카(Aquatica). 수전 맥켈레스터 박사(새프런 버로우스 분)를 비롯한 연구팀은 의료사의 새로운 장을 열 비밀 프로젝트를 진행 중이다. 지구상 동물 중 가장 빠르고 가장 완벽한 살상 무기인 상어를 이용해서 인간의 손상된 뇌 조직을 재생시킬 수 있는 방법을 연구하고 있는 것. 하지만 수전은 연구 중에 금지된 실험에 손을 댄다. 그것은 바로 상어들의 DNA 유전인자를 조작하는 것. 유전 인자가 조작된 상어들은 이전보다 훨씬 더 지능이 높고 더 빠르고 훨씬 더 무서운 완벽한 살상 괴물로 변해버린다. 어느날 연구비를 제공하던 투자사가 연구 지연을 이유로 자금 지원을 중지하고 연구소를 폐쇄하겠다는 통보를 해오고 수전 박사는 투자사에서 나온 검시관 러셀 프랭클린(사무엘 잭슨 분)의 감시 아래 상어 중 가장 큰 놈의 뇌조직을 떼내는 실험에 착수한다. 그러나 성공적으로 뇌조직을 떼어낸 순간, 실험 중이던 상어가 마취에서 깨어나 한 연구원의 팔을 물어뜯어버린다. 그때부터 상어들은 자신의 뇌조직을 떼낸 인간들에게 무자비한 보복을 하기 시작하고 연구소는 손 쓸 수 없을 정도로 파괴되어간다. 급기야 연구소는 바다 밑으로 가라앉기 시작하고 열대지역 폭풍우때문에 외부로의 도피조차 불가능해진다. 바다 한가운데 고립된 연구소 안에는 유전 인자 조작으로 변형된 상어가 인간들을 노리고 있고 연구소에 갇힌 사람들은 그 살상 괴물들과 생존을 위한 결투를 벌여야 하는데.",
        "poster_path": "/oelKLRCjnpkCoAos11kXxlRT2N9.jpg",
        "title": "딥 블루 씨",
        "vote_average": 5.976
    }
},
{
    "model": "movies.movie",
    "pk": 9297,
    "fields": {
        "original_title": "Monster House",
        "overview": "우리 앞집이 살아있는 괴물?!  질풍노도의 시기에 접어든 주인공 디제이는 요즘 들어 부쩍 앞집이 수상하단 생각을 떨칠 수 없다. 성질 고약한 네버크래커(스티브 부세미)가 사는 그집 근처에만 가면 야구공에서 자전거까지 몽땅 사라져 버리기 때문. 심지어 자기 부인을 살찌워서 잡아먹었단 소문까지…  할로윈 전날, 디제이와 단짝 친구 차우더는 앞집 카페트가 차우더의 배구공을 낼름! 삼키는 장면을 목격하고, 하마터면 집한테 잡아먹힐 뻔했던 새침떼기 제니까지 가세, 앞집의 비밀을 폭로하려 하지만 아무도 믿어주지 않은 채 하나 둘씩 희생자만 늘어간다.  영원히 사랑받고 싶었던 마음과 45년을 지켜온 사랑의 비밀… 이제 몬스터 하우스의 비밀이 밝혀진다!  마침내 앞집이 악령이 깃든 괴물같은 집, ‘몬스터 하우스’란 사실을 깨달은 순간, 할로윈 달빛 아래 깨어난 몬스터 하우스가 거리를 닥치는대로 휘저으며 질주하기 시작한다. 바로 그때 디제이, 챠우더, 제니 앞에 나타난 의외의 인물은 영원히 사랑받고 싶은 욕심과 45년간 지켜온 사랑의 비밀이 담긴 몬스터 하우스의 과거를 알려주는데…",
        "poster_path": "/lDBrptdOkJ2ZEoGa3KT0jOWbrZY.jpg",
        "title": "몬스터 하우스",
        "vote_average": 6.693
    }
},
{
    "model": "movies.movie",
    "pk": 9502,
    "fields": {
        "original_title": "Kung Fu Panda",
        "overview": "평화의 계곡에서 아버지의 국수 가게를 돕고 있는 팬더 포. 아버지는 국수의 비법을 알려주어 가업을 잇게 하고 싶지만, 포의 관심사는 오로지 쿵푸 마스터. 가게 일은 뒷전으로 하고 쿵푸의 비법이 적힌 용문서의 전수자를 정하는 무적의 5인방 대결을 보러 시합장을 찾은 포. 그런데 마을의 현인 우그웨이 대사부가 포를 용문서의 전수자로 점지하는 이변이 일어난다. 무적의 5인방은 물론 시푸 사부 역시 이 사태를 받아들이지 못하는 가운데, 용문서를 노리고 어둠의 감옥에서 탈출한 타이 렁이 마을을 습격해오자 그를 막아야 하는 미션이 포에게 떨어지는데...",
        "poster_path": "/c3Dzd3A3QE0LkKb5HMOHTzs2Fyg.jpg",
        "title": "쿵푸팬더",
        "vote_average": 7.292
    }
},
{
    "model": "movies.movie",
    "pk": 9539,
    "fields": {
        "original_title": "Martyrs",
        "overview": "알 수 없는 학대를 가하는 정체불명의 사람들로부터 극적으로 탈출한 소녀 루시. 목숨은 겨우 건졌지만 자신이 겪은 일을 말하지 못한 채 매일 악몽을 꾸며 괴로워하는 루시는 또래인 안나의 따뜻한 우정과 사랑으로 점차 회복되어 간다. 그리고 15년 뒤…… 외딴 집의 평범한 가족의 행복한 아침시간. 누군가 벨을 울리고 문을 여는 순간, 이 가족에게 참혹한 총격이 시작되는데…… 잊을 수 없는 기억, 절대 멈출 수 없는 복수. 하지만 이것은 이제 겨우 시작에 불과했다.",
        "poster_path": "/p2NEzjDyPNcnxwz7HXNb2mXVy7U.jpg",
        "title": "마터스: 천국을 보는 눈",
        "vote_average": 7.31
    }
},
{
    "model": "movies.movie",
    "pk": 10193,
    "fields": {
        "original_title": "Toy Story 3",
        "overview": "모든 장난감들이 겪는 가장 슬픈 일은 바로 주인이 성장해 더이상 자신들과 놀아주지 않는 것. 우디와 버즈에게도 그 위기가 찾아온다. 앤디가 대학에 진학, 집을 떠나게 된 것. 헤어짐의 불안에 떨던 토이들은 앤디 엄마의 실수로 집을 나오게 되고 우여곡절 끝에 탁아소에 기증된다. 앤디가 자신들을 버렸다고 생각하는 장난감들. 게다가 어린이집의 아이들은 난폭하고 험한 데다가, 상상도 못했던 거대한 음모까지 숨겨져 있는 어린이집 장난감의 세계. 앤디가 여전히 자신들을 사랑한다는 사실을 알게 된 장난감들은 앤디 곁으로 돌아가기 위해 생애 가장 큰 모험을 결심하는데...",
        "poster_path": "/hbUWahBLUon8RaIb9Tq7aWCBCtS.jpg",
        "title": "토이 스토리 3",
        "vote_average": 7.8
    }
},
{
    "model": "movies.movie",
    "pk": 10253,
    "fields": {
        "original_title": "디 워",
        "overview": "LA 도심 한복판에서 벌어진 의문의 대형 참사. 단서는 단 하나, 현장에서 발견된 정체불명의 비늘뿐. 사건을 취재하던 방송기자 이든은 어린 시절 잭에게 들었던 숨겨진 동양의 전설을 떠올리고. 여의주를 지닌 신비의 여인 세라와의 만남으로 인해 이무기의 전설이 현실로 다가오고 있음을 직감한다. 전설의 재현을 꿈꾸는 악한 이무기 부라퀴 무리들이 서서히 어둠으로 LA를 뒤덮는 가운데, 이들과 맞설 준비를 하는 이든과 세라. 모든 것을 뒤엎을 거대한 전쟁 앞에서 이들의 운명은 어떻게 될 것인가.",
        "poster_path": "/h252E4ZhETblM76j5KwbSZEv7id.jpg",
        "title": "디 워",
        "vote_average": 4.6
    }
},
{
    "model": "movies.movie",
    "pk": 11036,
    "fields": {
        "original_title": "The Notebook",
        "overview": "17살, 노아는 밝고 순수한 앨리를 보고 첫눈에 반한다. 빠른 속도로 서로에게 빠져드는 둘. 그러나 이들 앞에 놓인 장벽에 막혀 이별하게 된다. 24살, 앨리는 우연히 신문에서 노아의 소식을 접하고 잊을 수 없는 첫사랑 앞에서 다시 한 번 선택의 기로에 서게 되는데…",
        "poster_path": "/ntdgcdsmMuHd9s4oEKTvWDiUyU7.jpg",
        "title": "노트북",
        "vote_average": 7.9
    }
},
{
    "model": "movies.movie",
    "pk": 12429,
    "fields": {
        "original_title": "崖の上のポニョ",
        "overview": "호기심 많은 물고기 소녀 포뇨는 따분한 바다 생활에 싫증을 느끼고, 급기야 아빠 몰래 늘 동경하던 육지로 가출을 감행한다. 해파리를 타고 육지로 올라온 포뇨는 그물에 휩쓸려 유리병 속에 갇히는 위기에 처하게 된다. 때마침 해변가에 놀러 나온 소년 소스케의 도움으로 구출되는 포뇨. 이후 소스케가 마련해 준 초록 양동이에서 소스케와의 즐거운 육지 생활을 시작한다. 하지만 곧 바다의 주인이자 포뇨의 아빠인 후지모토에 의해 포뇨는 다시 바다로 끌려가게 된다. 우여곡절 끝에 여동생들의 도움으로 탈출에 성공한 포뇨는 거대한 파도와 함께 소스케에게로 향하는데...",
        "poster_path": "/tGSuFBsqdXxIz3fTSBfsZU9FBMN.jpg",
        "title": "벼랑 위의 포뇨",
        "vote_average": 7.74
    }
},
{
    "model": "movies.movie",
    "pk": 13027,
    "fields": {
        "original_title": "Eagle Eye",
        "overview": "평범한 청년 제리(샤이아 라보프)의 통장에 의문의 75만불이 입금된다. 집에는 각종 무기와 자신의 이름으로 된 여러 개의 여권들이 배달되어있다. 그리고 걸려온 전화의 차가운 목소리는 \"30초 후, FBI가 닥칠 테니, 도망갈 것\"을 명령한다. 자신도 모르는 사이, 테러리스트로 몰리게 된 제리는 FBI의 추격전에서, 아들의 목숨을 담보로 전화 지시에 따르고 있는, 같은 처지의 레이첼(미셀 모나한)을 만나게 되고이 두 사람은 거대한 사건 속으로 빠져들게 된다.  핸드폰, 현금지급기, 거리의 CCTV, 교통안내 LED사인보드, 신호등 등 그들 주변의 전자장치와 시스템이 그들의 행동을 조종한다. 그들은 선택되었고, 살기 위해선 복종해야 한다. 과연 그것의 정체는 무엇인가? 왜 그들은 선택되었는가?",
        "poster_path": "/lCpNunIyrUQHK4kXzG0FUWPhK3B.jpg",
        "title": "이글 아이",
        "vote_average": 6.474
    }
},
{
    "model": "movies.movie",
    "pk": 13475,
    "fields": {
        "original_title": "Star Trek",
        "overview": "지도자의 운명을 안고 태어났으나, 자신의 갈 길을 깨닫지 못한 채 방황하던 젊은 청년 커크는 우연한 기회로 엔터프라이즈호의 대원으로 입대하여 아버지를 잃었던 함선에 승선하게 된다. 아버지가 그랬던 것처럼 함선을 이끄는 함장이 되기 위해 엔터프라이즈호에서 우주 항해를 위한 훈련을 받기 시작하는 커크. 그는 자신과는 정반대로 냉철하고 이성적인 불칸족 스팍을 만나게 되고, 끊임없는 부딪힘 속에서 두 라이벌 커크와 스팍은 선의의 경쟁을 계속하게 된다. 패기 넘치는 첫 출격 이후 시행착오를 거듭하며 정식 대원의 자질을 갖춰가던 커크와 엔터프라이즈호의 대원들. 그러던 어느 날 불칸족의 행성과 엔터프라이즈호를 위협하는 파괴자의 존재가 감지되고, 복수를 위해 찾아온 네로 일당과 맞닥뜨린 이들은 인류의 미래를 위해 피할 수 없는 도전을 시작하게 되는데...",
        "poster_path": "/pB9mA8cDfP5aQyWzXz287rIBLDP.jpg",
        "title": "스타 트렉: 더 비기닝",
        "vote_average": 7.43
    }
},
{
    "model": "movies.movie",
    "pk": 15121,
    "fields": {
        "original_title": "The Sound of Music",
        "overview": "알프스의 아름다운 자연에 둘러싸인 오스트리아의 잘츠부르크 수도원. 음악을 사랑하는 말괄량이 견습 수녀 마리아는 원장 수녀의 권유로 해군 명문 집안 폰 트랩가의 가정교사가 된다. 마리아는 좀처럼 마음의 문을 열지 않는 폰 트랩가의 일곱 아이들에게 노래를 가르치며 점차 교감하게 되고, 엄격한 폰 트랩 대령 역시 마음의 문을 열게 된다. 그러던 어느 날, 마리아는 자신이 폰 트랩 대령을 사랑하고 있다는 사실을 깨닫게 되고, 자신만의 비밀을 간직한 채 아이들의 곁을 떠나 다시 수녀원에 들어가기로 결심하는데...",
        "poster_path": "/3l1ATCYNuHep6evzX8GSUigWOLs.jpg",
        "title": "사운드 오브 뮤직",
        "vote_average": 7.7
    }
},
{
    "model": "movies.movie",
    "pk": 17609,
    "fields": {
        "original_title": "Antichrist",
        "overview": "눈발이 아름답게 흩뿌려지고 있는 깊은 밤, 그와 그녀는 격정적인 사랑을 나누고 있다. 그들의 어린 아들은 잠에서 깨어나 열린 창가로 쏟아지는 눈을 바라보다 창 밖으로 추락하고 만다. 아들을 잃은 그녀는 깊은 슬픔과 자책감으로 점점 병들어 가고 그는 그녀를 구원하기 위해 그들의 '에덴'으로 함께 떠난다. 그러나 그녀는 점점 더 혼란스러워지고, 현대판 아담과 이브의 성기가 소용돌이 친다.",
        "poster_path": "/kPFZQQfDqqqTioBq5uCUK8r6ffl.jpg",
        "title": "안티크라이스트",
        "vote_average": 6.647
    }
},
{
    "model": "movies.movie",
    "pk": 17654,
    "fields": {
        "original_title": "District 9",
        "overview": "남아공 상공에 불시착한 외계인들은 요하네스버그 인근 지역 외계인 수용구역 ‘디스트릭트 9’에 임시 수용된 채 28년 동안 인간의 통제를 받게 된다. 외계인 관리국 MNU는 외계인들로 인해 무법지대로 변해버린 ‘디스트릭트 9’을 강제 철거하기로 결정하고, 프로젝트를 추진하던 중 책임자 비커스가 외계물질에 노출되는 사고를 당한다. 유전자 변이를 일으키면서 외계인으로 변해가는 비커스. 정부는 비커스가 외계 신무기를 가동시킬 수 있는 유일한 인물이라는 것을 알고 비밀리에 그를 추적하기 시작한다. 정부의 감시시스템이 조여오는 가운데, 비커스는 외계인 수용 구역 ‘디스트릭트 9’으로 숨어드는데…",
        "poster_path": "/gzMNQLELXzlssBUuTrZV3WmqBQO.jpg",
        "title": "디스트릭트 9",
        "vote_average": 7.4
    }
},
{
    "model": "movies.movie",
    "pk": 19995,
    "fields": {
        "original_title": "Avatar",
        "overview": "가까운 미래, 지구는 에너지 고갈 문제를 해결하기 위해 머나먼 행성 판도라에서 대체 자원을 채굴하기 시작한다. 하지만 판도라의 독성을 지닌 대기로 인해 자원 획득에 어려움을 겪게 된 인류는 판도라의 토착민 나비의 외형에 인간의 의식을 주입, 원격 조종이 가능한 새로운 생명체를 탄생시키는 프로그램을 개발한다. 한편 하반신이 마비된 전직 해병대원 제이크 설리는 아바타 프로그램에 참가할 것을 제안받는다. 그 곳에서 자신의 아바타를 통해 자유롭게 걸을 수 있게 된 제이크는 자원 채굴을 막으려는 나비의 무리에 침투하라는 임무를 부여받는데...",
        "poster_path": "/idvaCRXzHxiUprGBCpp7s7CSRhP.jpg",
        "title": "아바타",
        "vote_average": 7.583
    }
},
{
    "model": "movies.movie",
    "pk": 20342,
    "fields": {
        "original_title": "不能說的秘密",
        "overview": "예술학교로 전학 온 상륜(주걸륜)은 아버지의 영향을 받아 피아노에 천부적인 소질을 보인다. 학교를 둘러보던 중 신비스러운 피아노 연주가 흘러나오는 옛 음악실을 발견하게 되고, 그곳에서 샤오위(계륜미)를 만난다. 그들은 아름다운 피아노 선율처럼 즐거운 시간을 보내고, 둘 사이에는 애틋한 마음이 싹튼다. 그러나 상륜이 샤오위를 더 알고 싶어할 때마다 그녀는 비밀이라고 일관하며 의미심장한 미소만 짓는다. 어느 날 샤오위는 우연히 상륜이 같은 반 여학생 칭요와 키스하는 모습을 보게 되고, 그의 곁에서 사라지는데…",
        "poster_path": "/xvoXEBf4K1p68GtMSc5o00Z3f3e.jpg",
        "title": "말할 수 없는 비밀",
        "vote_average": 7.564
    }
},
{
    "model": "movies.movie",
    "pk": 20526,
    "fields": {
        "original_title": "TRON: Legacy",
        "overview": "21년 전 실종된 천재 프로그래머 케빈 플린의 아들 샘은 이제 아버지가 설립한 엔콤(ENCOM)사의 대주주다. 아버지의 철학을 배신하고 수익만 좇는 엔콤을 거액 기부와 해킹으로 골탕먹이는 일이 그의 낙이다. 그러던 어느 날 아버지의 신호로 추정되는 호출이 날아오고 샘은 80년대 아케이드 게임기를 통해 사이버 스페이스로 빨려들어간다. 그리고 그곳에서 실종된 아버지가 본인이 만든 프로그램 클루의 손에 축출, 유폐됐다는 사실을 발견한다. 샘은 디지털 세상에 감금된 아버지를 찾아 생사를 초월한 사이버 세계로의 여행을 시작하는데...",
        "poster_path": "/pNdgBobMlnsN7J6x1UDb0T5Szcu.jpg",
        "title": "트론: 새로운 시작",
        "vote_average": 6.487
    }
},
{
    "model": "movies.movie",
    "pk": 27205,
    "fields": {
        "original_title": "Inception",
        "overview": "타인의 꿈에 들어가 생각을 훔치는 특수 보안요원 코브. 그를 이용해 라이벌 기업의 정보를 빼내고자 하는 사이토는 코브에게 생각을 훔치는 것이 아닌, 생각을 심는 ‘인셉션’ 작전을 제안한다. 성공 조건으로 국제적인 수배자가 되어있는 코브의 신분을 바꿔주겠다는 거부할 수 없는 제안을 하고, 사랑하는 아이들에게 돌아가기 위해 그 제안을 받아들인다. 최강의 팀을 구성, 표적인 피셔에게 접근해서 ‘인셉션’ 작전을 실행하지만 예기치 못한 사건들과 마주하게 되는데… 꿈 VS 현실! 시간, 규칙, 타이밍 모든 것이 완벽해야만 하는, 단 한 번도 성공한 적 없는 ‘인셉션’ 작전이 시작된다!",
        "poster_path": "/oYuLEt3zVCKq57qu2F8dT7NIa6f.jpg",
        "title": "인셉션",
        "vote_average": 8.369
    }
},
{
    "model": "movies.movie",
    "pk": 37185,
    "fields": {
        "original_title": "甜蜜蜜",
        "overview": "상해 토박이 여소군(여명)은 성공의 꿈을 안고 홍콩에 도착한다. 어리숙한 여소군은 같은 대륙 출신이지만 사리에 밝은 이요(장만옥)를 만난다. 이요는 꽃집과 맥도널드에서 악착 같이 모은 돈으로 노점상을 열지만 결국 실패하고 자신을 아끼던 폭력배 보스와 결혼한다. 여소군은 대륙의 여자 친구와 결혼하지만 이요를 사랑하는 자신을 발견하고 그녀와 헤어지고 미국으로 떠난다. 티격태격하면서 사랑으로 발전하지만 엇갈린 인연으로 함께 하지 못했던 이들은 가수 등려군의 사망 소식을 알리는 전자대리점 앞에서 운명처럼 다시 조우하는데...",
        "poster_path": "/rag263yg5dO6f4qxNOUzjrV2Wvw.jpg",
        "title": "첨밀밀",
        "vote_average": 7.8
    }
},
{
    "model": "movies.movie",
    "pk": 37735,
    "fields": {
        "original_title": "Easy A",
        "overview": "살아오면서 자신의 존재감을 알리지 못한 채 평범한 삶을 살아온 올리브는 친구에게 조지라는 남자랑 비밀스러운 관계(?)가 있었다고 거짓말 한다. 순식간에 학교에 이야기가 퍼지고 올리브는 루머에 시달리게 되지만 유명세를 타게 됐다는 사실에 오히려 그 시선을 즐기기 시작한다. 하지만 올리브 눈앞에 정말 사랑하는 남자가 나타나게 되고 올리브는 사랑을 위해서라도 그 소문을 바로 잡아야겠다는 결심에 고군분투하기 시작하는데...",
        "poster_path": "/v5f1qO6NJnxWgONgkYg21TW39DT.jpg",
        "title": "이지 A",
        "vote_average": 6.8
    }
},
{
    "model": "movies.movie",
    "pk": 45572,
    "fields": {
        "original_title": "성냥팔이 소녀의 재림",
        "overview": "게임에 미쳐 살면서 게임방 아르바이트생 희미를 짝사랑하는 중국집 배달부 주. 하지만 희미는 별 볼일 없는 그에게 눈길조차 주지 않는다. 늦은 밤, 주는 거리에서 희미를 닮은 성냥팔이 소녀를 만나 라이터 하나를 산다. 주는 무심코 라이터에 적힌 전화번호를 누른다. 그리고 들려오는 목소리. \"성냥팔이 소녀의 재림에 접속하시겠습니까?\" \"까짓 거 한번 해보지, 뭐\" 게임 접속을 안내하는 목소리. 게임의 목적은 성냥팔이 소녀를 구하고 그녀의 사랑을 얻는 것이다.  사랑을 얻는다는 말에 일단 게임 속으로 들어간 주. 하지만 거기엔 만만찮은 놈들이 기다리고 있었다. 주는 한패가 된 레즈비언 여전사 라라와 함께 이 무지막지한 패거리들에 맞서 한바탕 액션 활극을 펼친다. 그리 잘 싸우진 못했지만 오직 깡다구 하나로 간신히 성냥팔이 소녀가 있는 시스템까지 이르게 된 주는 성냥팔이 소녀를 가두는 시스템과 한판 대결을 펼친다.  \"경고! 시스템에 도전하는 자는 바이러스로 간주되어 제거대상이 된다\" 하지만 이미 주에게 그런 경고 따윈 들리지 않는다. 성냥팔이 소녀를 구하기 위해 그리고 그녀의 사랑을 얻기 위해, 그리고 그녀에게 행복을 돌려주기 위해! 주는 성냥팔이 소녀가 갇힌 시스템을 향해 무모하고도 불가능한 마지막 싸움을 시작한다!",
        "poster_path": "/i1vhPWzAVBn44VEDUK1blTP15YA.jpg",
        "title": "성냥팔이 소녀의 재림",
        "vote_average": 5.2
    }
},
{
    "model": "movies.movie",
    "pk": 49047,
    "fields": {
        "original_title": "Gravity",
        "overview": "허블 우주 망원경을 수리하기 위해 우주를 탐사하던 라이언 스톤 박사는 폭파된 인공위성의 잔해와 부딪히면서 우주 공간에 홀로 남겨진다. 탑승했던 왕복선은 파괴됐고 산소는 희박해져간다. 홀로 남겨졌다는 공포가 그녀를 휘감아 가던 순간, 그녀의 앞에 베테랑 동료 우주비행사인 매트 코왈스키가 구세주처럼 나타난다. 인공위성의 잔해가 지구를 한 바퀴 돌아 다시 덮쳐오기까지 걸리는 시간은 단 90분. 그 전에 그들은 우주 왕복선과 가까이 있는 ISS로 이동해서 소유즈를 활용해 지구로 귀환하기로 하는데...",
        "poster_path": "/u8ffl7CRAS12KA8eQEtkLuHg8Fm.jpg",
        "title": "그래비티",
        "vote_average": 7.167
    }
},
{
    "model": "movies.movie",
    "pk": 56607,
    "fields": {
        "original_title": "나탈리",
        "overview": "한 여자를 사랑한 두 남자, 그들의 엇갈린 사랑의 기억! 치명적인 아름다움으로 스포트라이트를 받아온 명품 조각상 ‘나탈리’. 하지만 실제 모델이 누군지 등 일체 알려진 바 없이 베일에 싸여있던 ‘나탈리’가 거장 조각가 황준혁의 개인전에서 10년 만에 다시 공개된다. 전시회 마지막 날, 준혁은 자신을 찾아온 평론가 장민우에게 ‘나탈리’의 실제 모델, 오미란과의 격정적인 사랑의 기억을 들려주게 되지만, 민우는 그녀가 자신을 사랑했다고 말한다. 그녀를 둘러싼 준혁과 민우의 엇갈린 기억, 그리고 ‘나탈리’를 둘러싼 비밀이 밝혀지기 시작하는데…",
        "poster_path": "/anawMl8fQiPz1FV3pScIGjvvWqh.jpg",
        "title": "나탈리",
        "vote_average": 5.8
    }
},
{
    "model": "movies.movie",
    "pk": 58244,
    "fields": {
        "original_title": "Upside Down",
        "overview": "어긋난 우주불변의 법칙에 따라 자신이 속한 세상을 절대 벗어날 수 없는 아담과 에덴.  남다른 천재성을 지닌 아담은 사랑하는 그녀를 만나기 위해 상부 세계로 넘어갈 수 있는 특별한 물질을 개발하는데 성공한다. 그에게 주어진 시간은 단 1시간, 체온이 높아져 몸이 타버리기 전에 빠져 나와야만 한다. 드디어 아담과 에덴이 서로 마주하게 된 운명의 순간, 그러나 국경수비대로 하여금 발각되어 추격을 당하기 시작하는데…",
        "poster_path": "/4W2ODGH4vcSWZEPMMAfDw9Lsbn6.jpg",
        "title": "업사이드 다운",
        "vote_average": 6.274
    }
},
{
    "model": "movies.movie",
    "pk": 62215,
    "fields": {
        "original_title": "Melancholia",
        "overview": "카피라이터인 저스틴은 마이클과 결혼식을 올리지만 우울증으로 인한 이상 행동으로 결혼을 망치고 만다. 저스틴은 언니 클레어의 집에서 함께 살게 되고 클레어는 저스틴을 극진히 보살핀다. 한편 멜랑콜리아라는 이름의 거대한 행성이 지구를 향해 날아오고 클레어는 종말에 대한 두려움을 느끼지만 과학을 맹신하는 남편 존으로 인해 내색은 하지 못한다. 갈수록 이상 행동을 보이는 저스틴과 최악의 사태를 대비하는 클레어. 다행히 과학자들의 말대로 멜랑콜리아는 지구를 지나쳐 다시 멀어지는데...",
        "poster_path": "/hBAYXn9C0mFzlwyFBjmO1IX85Vb.jpg",
        "title": "멜랑콜리아",
        "vote_average": 7.2
    }
},
{
    "model": "movies.movie",
    "pk": 68726,
    "fields": {
        "original_title": "Pacific Rim",
        "overview": "2025년, 태평양 연안의 심해에 커다란 균열이 일어난다. 정체를 알 수 없었던 이곳은 지구와 우주를 연결하는 포탈이었고 여기서 엄청난 크기의 외계 괴물 카이주가 나타난다. 일본 전역을 시작으로 미국, 중국, 러시아, 호주 등 지구 곳곳을 파괴하는 카이주의 공격에 전 세계가 혼돈에 빠지고, 전 지구적인 비상사태 돌입에 세계 각국의 정상들은 인류 최대의 위기에 맞서기 위한 범태평양연합방어군을 결성한다. 상상을 초월하는 수퍼 파워, 뇌파를 통해 파일럿의 동작을 인식하는 신개념 조종시스템을 장착한 예거와 이를 조종하는 최정예 파일럿들이 괴물들에게 반격을 시작하는데...",
        "poster_path": "/BWJhHHqeW5oCRvqLXF5twAFAga.jpg",
        "title": "퍼시픽 림",
        "vote_average": 6.902
    }
},
{
    "model": "movies.movie",
    "pk": 107235,
    "fields": {
        "original_title": "건축학개론",
        "overview": "생기 넘치지만 숫기 없던 스무 살, 건축학과 승민은 건축학개론 수업에서 처음 만난 음대생 서연에게 반한다. 함께 숙제를 하게 되면서 차츰 마음을 열고 친해지지만, 자신의 마음을 표현하는 데 서툰 순진한 승민은 입 밖에 낼 수 없었던 고백을 마음 속에 품은 채 작은 오해로 인해 서연과 멀어지게 된다. 서른 다섯의 건축가가 된 승민 앞에 15년 만에 불쑥 나타난 서연. 당황스러움을 감추지 못하는 승민에게 서연은 자신을 위한 집을 설계해달라고 한다. 자신의 이름을 건 첫 작품으로 서연의 집을 짓게 된 승민, 함께 집을 완성해 가는 동안 어쩌면 사랑이었을지 모를 그때의 기억이 되살아나 두 사람 사이에 새로운 감정이 쌓이기 시작하는데...",
        "poster_path": "/fxKyRHx54Vbiwk98fhFqTXu3e3w.jpg",
        "title": "건축학개론",
        "vote_average": 7.388
    }
},
{
    "model": "movies.movie",
    "pk": 140607,
    "fields": {
        "original_title": "Star Wars: The Force Awakens",
        "overview": "2번째 데스 스타가 파괴되고 다스 베이더가 사망한 지 약 30년 후, 마지막 남은 제다이인 루크 스카이워커가 사라졌다. 몰락한 은하 제국으로부터 일어난 퍼스트 오더는 루크와 공화국을 찾아내 제거하려 한다. 공화국과 루크의 쌍둥이 여동생 레이아 오르가나가 이끄는 저항군은 퍼스트 오더를 저지하고 루크의 도움을 받기 위해 루크를 찾는다. 저항군 최고의 파일럿 포 다메론은 자쿠 행성의 마을 장로를 만나 루크가 있는 장소의 지도를 얻는다. 카일로 렌이 이끄는 스톰트루퍼들은 마을을 파괴하고 포를 붙잡지만, 포의 드로이드 BB-8는 지도를 갖고 탈출하고 부랑자 레이를 만나게 된다.",
        "poster_path": "/qmzc2xck6ZiJG4faxhGiDSX48Ck.jpg",
        "title": "스타워즈 에피소드 7: 깨어난 포스",
        "vote_average": 7.3
    }
},
{
    "model": "movies.movie",
    "pk": 150540,
    "fields": {
        "original_title": "Inside Out",
        "overview": "모든 사람의 머릿속에 존재하는 감정 컨트롤 본부. 그곳에서 불철주야 열심히 일하는 기쁨, 슬픔, 버럭, 까칠, 소심 다섯 감정들. 정든 옛 동네를 떠나 도시로 이사하는 라일리 가족. 이사 후 새로운 환경에 적응해야 하는 라일리를 위해 그 어느 때 보다 바쁘게 감정의 신호를 보내지만 우연한 실수로 기쁨과 슬픔이 본부를 이탈하게 되자 라일리의 마음 속에 큰 변화가 찾아온다. 라일리가 예전의 모습을 되찾기 위해서는 기쁨과 슬픔이 본부로 돌아가야만 한다. 그러나 엄청난 기억들이 저장되어 있는 머릿속 세계에서 본부까지 가는 길은 험난하기만 한데...",
        "poster_path": "/rMXHvHzpuYZXrJUhRVJ3TvDSwe5.jpg",
        "title": "인사이드 아웃",
        "vote_average": 7.912
    }
},
{
    "model": "movies.movie",
    "pk": 157336,
    "fields": {
        "original_title": "Interstellar",
        "overview": "세계 각국의 정부와 경제가 완전히 붕괴된 미래가 다가온다. 지난 20세기에 범한 잘못이 전 세계적인 식량 부족을 불러왔고, NASA도 해체되었다. 나사 소속 우주비행사였던 쿠퍼는 지구에 몰아친 식량난으로 옥수수나 키우며 살고 있다. 거센 황사가 몰아친 어느 날 알 수 없는 힘에 이끌려 딸과 함께 도착한 곳은 인류가 이주할 행성을 찾는 나사의 비밀본부. 이 때 시공간에 불가사의한 틈이 열리고, 이 곳을 탐험해 인류를 구해야 하는 임무를 위해 쿠퍼는 만류하는 딸을 뒤로한 채 우주선에 탑승하는데...",
        "poster_path": "/evoEi8SBSvIIEveM3V6nCJ6vKj8.jpg",
        "title": "인터스텔라",
        "vote_average": 8.4
    }
},
{
    "model": "movies.movie",
    "pk": 198184,
    "fields": {
        "original_title": "Chappie",
        "overview": "2016년, 매일 300건의 범죄가 폭주하는 요하네스버그. 도시의 치안을 책임지는 세계 최초의 로봇 경찰 ‘스카우트’ 군단을 설계한 로봇 개발자 ‘디온(데브 파텔)’은 폐기된 스카우트 22호에 고도의 인공지능을 탑재하여 스스로 생각하고 느낄 수 있는 성장하는 로봇 ‘채피’를 탄생시킨다.  한편, 진화하는 로봇에 맞서 인간의 힘으로 로봇을 통제하고 싶은 무기 개발자 ‘빈센트 (휴 잭맨)’는 눈엣가시 ‘채피’를 제거하기 위한 음모를 꾸미게 되고, 예상을 뛰어넘는 속도로 성장하던 ‘채피’는 어느새 인류를 위협하는 대상으로 몰리게 되는데… 생존을 꿈꾸는 로봇 ‘채피’와 로봇을 통제하려는 ‘인간’의 대결이 시작된다!",
        "poster_path": "/hcGym66raZDzDIGjdkVDoQZvLks.jpg",
        "title": "채피",
        "vote_average": 6.788
    }
},
{
    "model": "movies.movie",
    "pk": 198277,
    "fields": {
        "original_title": "Begin Again",
        "overview": "싱어송라이터인 그레타는 남자친구 데이브가 메이저 음반회사와 계약을 하게 되면서 뉴욕으로 오게 된다. 그러나 행복도 잠시, 오랜 연인이자 음악적 파트너로서 함께 노래를 만들고 부르는 것이 좋았던 그레타와 달리 스타가 된 데이브의 마음은 어느새 변해버린다. 스타 음반프로듀서였지만 이제는 해고된 댄은 미치기 일보 직전 들른 뮤직바에서 그레타의 자작곡을 듣게 되고 아직 녹슬지 않은 촉을 살려 음반제작을 제안한다. 거리 밴드를 결성한 그들은 뉴욕의 거리를 스튜디오 삼아 진짜로 부르고 싶었던 노래를 만들어가는데...",
        "poster_path": "/xVXC1mDkjJ1pK9tTFgO2DGPavJj.jpg",
        "title": "비긴 어게인",
        "vote_average": 7.2
    }
},
{
    "model": "movies.movie",
    "pk": 211672,
    "fields": {
        "original_title": "Minions",
        "overview": "인류가 탄생하기 훨씬 오래 전, 태초에 미니언이 있었다. 당대 최고의 슈퍼 악당만을 보스로 섬겨온 미니언들! 하지만 의도치 않은 치명적(?) 실수로 인해 보스들과 이별하게 되고, 우울증에 빠진 미니언들을 구하기 위해 용감한 리더 ‘케빈’은 자유로운 영혼 ‘스튜어트’와 무한 긍정 ‘밥’과 함께 ‘슈퍼배드 원정대’를 결성한다. 세계 악당 챔피언십에 참석해 최초의 여성 슈퍼 악당 ‘스칼렛’ 을 보고 첫눈에 홀~딱 반한 이들은 일생일대의 위기가 다가오는지도 모른 채 스칼렛의 특급 미션을 넙죽 받게 되는데…",
        "poster_path": "/bkWrtIS7vscRvK074BWn6WHuwuf.jpg",
        "title": "미니언즈",
        "vote_average": 6.4
    }
},
{
    "model": "movies.movie",
    "pk": 216015,
    "fields": {
        "original_title": "Fifty Shades of Grey",
        "overview": "순수한 사회 초년생인 여대생 ‘아나스타샤’는 어느 날, 아픈 친구를 대신해 모든 것을 다 가진 매력적인 CEO ‘크리스찬 그레이’의 인터뷰를 맡게 된다. 단숨에 사람을 매료시키는 ‘크리스찬 그레이’의 마력에 ‘아나스타샤’는 순식간에 빠져들고, 그 역시 순수한 아나스타샤를 점점 더 알고 싶어지게 된다.  내 취향은 아주 분명해.  한편, 원하는 것을 모두 들어줄 만큼 완벽한 ‘그레이’의 숨겨진 비밀을 알게 된 ‘아나스타샤’는 거부할 수 없는 본능에 눈을 뜨게 되는데…",
        "poster_path": "/iQaLakvYBzpmdHUB2h6h2aVY5nE.jpg",
        "title": "그레이의 50가지 그림자",
        "vote_average": 5.885
    }
},
{
    "model": "movies.movie",
    "pk": 244786,
    "fields": {
        "original_title": "Whiplash",
        "overview": "최고의 드러머가 되기 위해서라면 무엇이든 할 각오가 되어있는 음악대학 신입생 앤드류는 아무도 없는 지하실에서 혼자 드럼을 연습하던 중 우연한 기회로 누구든지 성공으로 이끄는 최고의 실력자이지만, 또한 동시에 최악의 폭군인 플렛처 교수에게 발탁되어 그의 밴드에 들어가게 된다. 설레는 마음으로 참가한 첫 연습에서, 그는 플렛처 교수의 진짜 얼굴을 마주치게 된다. 폭언과 학대 속에 좌절과 성취를 동시에 안겨주는 플렛처의 지독한 교육방식은 천재가 되길 갈망하는 앤드류의 집착을 끌어내며 그를 점점 광기로 몰아넣는데...",
        "poster_path": "/sNoZ3DAjOtCtpGvaEubMELDNtaS.jpg",
        "title": "위플래쉬",
        "vote_average": 8.4
    }
},
{
    "model": "movies.movie",
    "pk": 257211,
    "fields": {
        "original_title": "The Intern",
        "overview": "창업 1년 반 만에 직원 220명의 성공신화를 이룬 줄스는 TPO에 맞는 패션센스, 업무를 위해 사무실에서도 끊임 없는 체력관리 뿐만 아니라 고객을 위해 포장까지 직접 하는 열정적인 30세 여성 CEO이다. 회사에서 은퇴해 무료한 일상을 이어가고 있던 벤은 시니어 인턴을 뽑는다는 어느 온라인 회사에 지원한다. 면접 과정에서 높은 점수를 받은 그는 줄스의 인턴으로 채용되는데, 그녀는 컴퓨터도 제대로 다루지 못하는 벤이 자신을 도울 일은 절대 없을 거라 생각한다. 하지만 줄스가 눈치채지 못하는 사이 벤은 서서히 그녀의 일상에 없어서는 안 되는 사람이 되어간다.",
        "poster_path": "/gCmXCNfK1WU1CFjZjvfo3gBhiEa.jpg",
        "title": "인턴",
        "vote_average": 7.218
    }
},
{
    "model": "movies.movie",
    "pk": 257344,
    "fields": {
        "original_title": "Pixels",
        "overview": "1982년, 나사(NASA)는 외계와의 접촉을 희망하며 지구의 문화를 담은 타임 캡슐을 우주로 쏘아 올렸다. 하지만 여기에 담긴 아케이드 게임을 자신들에 대한 선전포고로 오해한 외계인들은 팩맨, 갤러그, 동키콩, 센티피드, 스페이스 인베이더의 모습으로 나타나 지구를 침공하기 시작하는데… 30년 전 동전 몇 개로 수천 번이나 세상을 구했던 클래식 아케이드 게임의 고수 3인방은 위기에 빠진 지구를 구하기 위해 다시 한 번 뭉치게 된다. 유일하게 게임의 룰을 지배할 수 있는 이들, 과연 현실에서도 세상을 구해낼 수 있을까?",
        "poster_path": "/hvPbxB8rVoQDSzqhHjrYM1W37WU.jpg",
        "title": "픽셀",
        "vote_average": 5.741
    }
},
{
    "model": "movies.movie",
    "pk": 276907,
    "fields": {
        "original_title": "Legend",
        "overview": "비틀즈와 함께,  60년대 영국의 아이콘이었던 쌍둥이 갱스터 형제!  레지 크레이 X 로니 크레이의 전설적인 이야기!  런던의 촌구석 이스트엔드에서 주먹 꽤나 쓰는 쌍둥이 형제로 이름을 날리던 레지 크레이 X 로니 크레이. 한날 한시에 태어났지만 정 반대의 성격을 가진 크레이 형제는 서로를 생각하는 우애만큼은 끈끈하다. 타고난 주먹과 뛰어난 사업 수완으로 마피아와 손잡고 법과 경찰을 피해 세력을 키워나가던 크레이 형제는 어느덧 런던의 밤을 장악하며 유명인사가 되어가지만, 곧 이들 형제에게 위기가 닥친다.  이성적인 형 레지는 연인 프랜시스와의 약속을 지키기 위해 위험한 갱스터 생활을 청산하고 능력 있는 사업가로 변신해 세력을 확장해 나가려 한다. 하지만 엉뚱하고 무모하기 짝이 없는 통제불능 동생 로니는 자신만의 방식으로 조직을 운영하며 사건 사고를 일으킨다.  매번 조직에 막대한 피해를 입히는 로니에게 점점 인내심을 잃어가는 레지. 자신의 방식을 인정하지 않는 형을 향한 불만을 쌓아가던 로니. 두 형제는 사사건건 부딪히기 시작하고, 급기야 로니는 수습 불가능의 대형 사고를 치고 마는데…",
        "poster_path": "/At85DnxWNh2SAdmlHRoSRhaKQuv.jpg",
        "title": "레전드",
        "vote_average": 7.059
    }
},
{
    "model": "movies.movie",
    "pk": 280092,
    "fields": {
        "original_title": "Insidious: Chapter 3",
        "overview": "죽은 엄마를 그리워하던 소녀 ‘퀸’은 특별한 능력을 감춘 채 살아가는 영매사 ‘앨리스’를 찾아가 엄마를 불러내는 의식을 부탁한다. 그 후 ‘퀸’은 알 수 없는 존재들로부터 쫓기게 되고, 급기야 설명할 수 없는 기이한 행동까지 보이며 목숨을 위협받는다. ‘퀸’으로부터 인간이 아닌 또 다른 존재를 느낀 ‘앨리스’는 삶과 죽음의 경계인 ‘먼 그곳(the further)’으로 가 공포의 정체를 밝히려 하는데…  인시디어스, 최강 공포 시리즈의 시작과 끝을 확인하라!",
        "poster_path": "/rsx2CmQ7VGnuJQeSbMQ0Ic55Fnq.jpg",
        "title": "인시디어스 3",
        "vote_average": 6.3
    }
},
{
    "model": "movies.movie",
    "pk": 300668,
    "fields": {
        "original_title": "Annihilation",
        "overview": "불가사의한 이유로 사람들의 출입이 금지된 채 방치된 미국 해안지대에 펼쳐져 있는 미스터리한 X구역. 이곳과 관련된 사안을 다루는 비밀 정부 기관 서던 리치는 점점 커져가는 엑스구역의 정체를 파악하기 위해 쉬머라 불리는 탐사대를 파견해 왔다. 이에 가담했던 남편이 의식을 잃은 채 돌아오자, 전직 군인이자 생물학자인 레나는 남편을 구하기 위해 탐사대에 지원한다. 입구는 하나, 출구는 없다고 불리는 미지의 구역에 발을 디딘 레나와 대원들, 다가갈수록 더 깊이 빠져드는 엑스구역의 비밀에 한 발짝 다가서게 되는데...",
        "poster_path": "/iRThvnNI8i3rIuSdjcnkbXuGLth.jpg",
        "title": "서던 리치: 소멸의 땅",
        "vote_average": 6.422
    }
},
{
    "model": "movies.movie",
    "pk": 316029,
    "fields": {
        "original_title": "The Greatest Showman",
        "overview": "바넘은 가난한 재단사의 아들이었다. 아버지까지 병으로 죽자 그는 고아로서 힘겨운 삶을 보내야 했지만, 그에게는 채리티와 사랑을 이루겠다는 꿈이 있었다. 결국 채리티와 결혼을 한 바넘은 환상의 세계를 보여주겠다는 자신의 또 다른 꿈을 이루기 위해 특별한 쇼를 연다. 쇼는 성공적이었지만, 진실이 없다는 언론의 평가와 저질 쇼라는 사람들의 비난에 상심한 바넘은 상류층까지 좋아할 수 있는 쇼를 기획하기 위해 상류층 연극인 필립을 영입한다. 필립과 함께 유럽 제일의 오페라 가수 제니를 만난 바넘은 제니에게 매료되어 가족과 동료들을 외면하고 상류사회에 편입되기를 희망한다.",
        "poster_path": "/h8qzZtSScJV1zIf6lVc4449Zgui.jpg",
        "title": "위대한 쇼맨",
        "vote_average": 7.89
    }
},
{
    "model": "movies.movie",
    "pk": 324786,
    "fields": {
        "original_title": "Hacksaw Ridge",
        "overview": "비폭력주의자인 도스는 전쟁으로부터 조국과 소중한 사람들을 지키기 위해 총을 들지 않아도 되는 의무병으로 육군에 자진 입대한다. 총을 들 수 없다는 이유로 필수 훈련 중 하나인 총기 훈련 마저 거부한 도스는 동료 병사들과 군 전체의 비난과 조롱을 받게 된다. 결국 군사재판까지 받게 되지만 끝까지 자신의 신념을 굽히지 않은 도스에게 군 상부는 오키나와 전투에 총기 없이 의무병으로 참전할 것을 허락하는데…",
        "poster_path": "/nlvcNogJK9R9iIj0YINApQE36FF.jpg",
        "title": "핵소 고지",
        "vote_average": 8.2
    }
},
{
    "model": "movies.movie",
    "pk": 335988,
    "fields": {
        "original_title": "Transformers: The Last Knight",
        "overview": "옵티머스 프라임은 더 이상 인간의 편이 아니다. 트랜스포머의 고향 사이버트론의 재건을 위해 지구에 있는 고대 유물을 찾아나선 옵티머스 프라임은 인류와 피할 수 없는 갈등을 빚고, 오랜 동료 범블비와도 치명적인 대결을 해야만 하는데…  영원한 영웅은 없다!  하나의 세상이 존재하기 위해선 다른 세상이 멸망해야 한다!",
        "poster_path": "/bLmjP7lUSrwcaID8VnZmrKLETyn.jpg",
        "title": "트랜스포머: 최후의 기사",
        "vote_average": 6.1
    }
},
{
    "model": "movies.movie",
    "pk": 338729,
    "fields": {
        "original_title": "뷰티 인사이드",
        "overview": "자고 일어나면 다른 사람이 되는 남자가 있다. 매일 국적, 성별, 나이를 넘나드는 남자, 우진은 정체를 드러내지 않고 가구 디자이너로서 살아왔다. 그러던 어느 날, 가구 판매점에서 이수라는 여자를 만난 우진은 처음 사랑이라는 감정을 느낀다. 항상 다른 모습으로 그녀를 지켜보던 우진은 이수에게 데이트 신청을 한다. 설레는 첫 데이트 이후 그는 잠을 자지 않고 모습을 유지하기 위해 노력한다. 우진은 며칠간 보통 사람 같은 행복한 시간을 보내지만, 결국 잠이 들어 다른 모습으로 변해버리고 만다. 그녀 곁을 맴돌던 우진은 용기를 내어 비밀을 밝히는데...",
        "poster_path": "/am6EX9djPcPeQMMBwn2mUfckeDF.jpg",
        "title": "뷰티 인사이드",
        "vote_average": 7.663
    }
},
{
    "model": "movies.movie",
    "pk": 341174,
    "fields": {
        "original_title": "Fifty Shades Darker",
        "overview": "크리스찬 그레이는 아나스타샤 스틸을 잊지 못해 되찾으려고 하지만 아나스타샤는 지금까지와 다른 새로운 관계를 원한다. 과거의 상처를 고백하며 점점 변해가는 크리스찬의 모습에 아나스타샤는 결국 그를 받아들이고, 둘은 서로에게 더욱 깊이 빠져들며 뜨거운 사랑을 나눈다. 그러나 그의 숨겨진 과거와 비밀을 아는 사람들이 아나스타샤를 위협하기 시작하면서 그들의 관계는 위태로워지는데...",
        "poster_path": "/stwVY9rRcA3NSKW04IOD30ZsrZx.jpg",
        "title": "50가지 그림자: 심연",
        "vote_average": 6.485
    }
},
{
    "model": "movies.movie",
    "pk": 349176,
    "fields": {
        "original_title": "暗殺教室",
        "overview": "쿠누기가오카 중학교 최악의 반 3-E반에 정체불명의 문어 모양의 괴물이 담임선생님이라며 나타났다. 정부는 E반 학생들에게 3월에 세계를 파괴하겠다고 협박하는 일명 '살생님'이라는 괴물을 암살하라는 비밀 지령을 내린다. 성공하는 사람에게 주어지는 현상금은 놀랍게도 1,000억원! 학생들은 졸업 전에 그 미션을 성공할 수 있을까? 그리고 '살생님'의 진짜 목적은 무엇일까?",
        "poster_path": "/hONNwJpzvLr4YC5aY62Sm4ZjPel.jpg",
        "title": "암살교실",
        "vote_average": 7.258
    }
},
{
    "model": "movies.movie",
    "pk": 369557,
    "fields": {
        "original_title": "Sing Street",
        "overview": "‘코너’는 전학을 가게 된 학교에서 모델처럼 멋진 ‘라피나’를 보고 첫 눈에 반해 사랑에 빠진다.  ‘라피나’에게 잘 보이고 싶은 마음에 덜컥 밴드를 하고 있다는 거짓말을 한 ‘코너’는  급기야 뮤직비디오 출연까지 제안하고 승낙을 얻는다.  날아갈 것만 같은 기분도 잠시,  ‘코너’는 어설픈 멤버들을 모아 ‘싱 스트리트’라는 밴드를 급 결성하고  ‘듀란듀란’, ‘아-하’, ‘더 클래쉬’ 등 집에 있는 음반들을 찾아가며 음악을 만들기 시작한다.  첫 노래를 시작으로 조금씩 ‘라피나’의 마음을 움직인 ‘코너’는  그녀를 위해 최고의 노래를 만들고 인생 첫 번째 콘서트를 준비하는데…  첫 눈에 반한 그녀를 위한 인생 첫 번째 노래!  ‘싱 스트리트’의 가슴 설레는 사운드가 지금 시작된다!",
        "poster_path": "/kUYfLv9V5mKPb2lJadzgOI67AFt.jpg",
        "title": "싱 스트리트",
        "vote_average": 7.87
    }
},
{
    "model": "movies.movie",
    "pk": 382217,
    "fields": {
        "original_title": "가려진 시간",
        "overview": "엄마를 잃은 후 새 아빠와 함께 화노도로 이사 온 수린. 자신만의 공상에 빠져 홀로 지내는 수린에게 성민이 먼저 다가온다. 둘만의 암호로, 둘만의 공간에서, 둘만 아는 추억을 쌓아가는 그들. 어느 날, 공사장 발파 현장을 구경하기 위해 친구들과 산으로 가고 그곳에서 모두가 실종된 채, 유일하게 수린만 돌아온다. 그리고 며칠 뒤, 자신이 성민이라는 남자가 수린 앞에 나타난다. ‘멈춰진 시간’에 갇혀 어른이 되었다는 성민. 수린만이 성민을 믿어주는 가운데  경찰과 마을 사람들은 의심을 거두지 못하고 성민은 쫓기는 상황에 이르게 되는데…",
        "poster_path": "/dEO8iRlnk2KNkKRon3P9hksVQnN.jpg",
        "title": "가려진 시간",
        "vote_average": 7.144
    }
},
{
    "model": "movies.movie",
    "pk": 394117,
    "fields": {
        "original_title": "The Florida Project",
        "overview": "디즈니월드 근처에 사는 6살짜리 아이. 근데 옆 동네와는 달리 여기엔 놀이터라곤 없다. 하지만 친구와 함께라면 사방이 놀이터인걸. 문제 많은 엄마랑 쪽방 모텔에 살면서 환상의 세계를 찾아낸 꼬마. 오늘도 신나는 하루를 보내러 나선다. 디즈니랜드보다 더 신나고 불꽃놀이처럼 반짝반짝 빛나는, 컬러풀한 여름 이야기.",
        "poster_path": "/qaQyAef3x9yp5G59YCRl5CfMEkw.jpg",
        "title": "플로리다 프로젝트",
        "vote_average": 7.4
    }
},
{
    "model": "movies.movie",
    "pk": 406759,
    "fields": {
        "original_title": "Moonfall",
        "overview": "궤도를 이탈한 달이 지구를 향해 떨어지기 시작하면서 지구의 중력과 모든 물리적인 법칙이 붕괴된다. 거대한 해일과 지진, 화산폭발, 쓰나미와 이상기후까지 상상조차 불가능했던 모든 재난으로 전 세계는 공포와 혼란에 빠진다. 달과 충돌까지 남은 시간은 단 30일. NASA 연구원 파울러, 전직 우주 비행사 브라이언, 그리고 우주 덕후 KC는 달을 막을 방법을 찾기 위해 마지막 우주선에 오른다.",
        "poster_path": "/2xmJCxrt5t2dFhvwvmxZ5Cy577j.jpg",
        "title": "문폴",
        "vote_average": 6.3
    }
},
{
    "model": "movies.movie",
    "pk": 420817,
    "fields": {
        "original_title": "Aladdin",
        "overview": "알라딘은 전광석화 같은 손놀림과 타고난 삼십육계 줄행랑을 고루 갖춘 아그라바 왕국의 좀도둑이다. 원숭이 친구 아부를 대동한 채 굶주림에 고통받는 아이들을 못 본 척하지 않는 게 그의 인간적인 매력. 어느 날 아그라바 왕국을 다스리는 술탄이 애지중지하는 딸 자스민 공주가 백성들을 살피기 위해 성 밖으로 나왔다가 빵을 훔쳤다는 누명을 쓰게 된다. 마침 그 광경을 목격한 알라딘은 자스민 공주를 위기에서 구해준다. 자스민 공주가 왕궁에서 일하는 시녀인 줄 알고 그녀를 보러 성 안에 들어간 알라딘은 재상 자파에게 붙잡히고 마는데...",
        "poster_path": "/hvoi0h5hX7cKjatXvbc3gYqT1Xw.jpg",
        "title": "알라딘",
        "vote_average": 7.101
    }
},
{
    "model": "movies.movie",
    "pk": 437633,
    "fields": {
        "original_title": "리얼",
        "overview": "카지노 ‘시에스타’ 오픈을 앞둔 조직의 보스 장태영(김수현) 앞에  암흑가 대부 조원근(성동일)이 카지노의 소유권을 주장하며 나타난다.  조원근의 개입으로 카지노를 빼앗길 위기에 처한 장태영은  자금 문제를 해결하기 위해 투자자를 찾아 나선다.  어느 날, 이름뿐만 아니라 생김새마저 똑같은 의문의 투자자(김수현)가 나타나  자금은 물론 조원근까지 해결해주겠다는 제안을 한다.  의문의 투자자의 등장으로 조원근과 카지노를 차지하기 위한 전쟁이 시작되고  이들을 둘러 싼 거대한 비밀과 음모의 정체가 서서히 드러난다.  오직 진짜만이 모든 것을 갖는다!",
        "poster_path": "/9olCCHvaM8Oij0BxoOo00jcKmW.jpg",
        "title": "리얼",
        "vote_average": 5.4
    }
},
{
    "model": "movies.movie",
    "pk": 453395,
    "fields": {
        "original_title": "Doctor Strange in the Multiverse of Madness",
        "overview": "아메리카는 어느 날 멀티버스 사이를 오갈 수 있는 힘에 눈을 뜨지만 완전히 제어하지 못한다. 정체불명의 악마가 아메리카를 죽이려 하자 다른 우주의 스트레인지가 이를 막아보지만 결국 살해당한다. 우여곡절 끝에 우리가 알고 있는 우주로 넘어온 아메리카는 어벤져스 멤버인 닥터 스트레인지의 도움과 보호를 받는다. 닥터 스트레인지는 웨스트뷰 사건 이후 잠적한 완다에게 도움을 청하지만 곧바로 그녀가 사건의 진정한 흑막, 스칼렛 위치임이 드러난다. 스칼렛 위치는 자신의 원하는 멀티버스로 가기 위해 아메리카의 힘을 흡수하려 한다. 닥터 스트레인지와 아메리카는 압도적인 힘을 지닌 스칼렛 위치를 피해 또 한번 다른 멀티버스로 도망치지만 그의 끈질긴 추격을 받는다.",
        "poster_path": "/vL5ktZauR0fZMDOHKjakb1idhuU.jpg",
        "title": "닥터 스트레인지: 대혼돈의 멀티버스",
        "vote_average": 7.284
    }
},
{
    "model": "movies.movie",
    "pk": 455008,
    "fields": {
        "original_title": "AlphaGo",
        "overview": "런던 소재 구글 딥마인드가 개발한 인공지능 바둑 프로그램 알파고는 지난 2016년 3월 이세돌 9단과의 역사적인 대결을 통해 '기계가 인간을 뛰어넘을 수 있을까'에 대한 질문을 '인간이 기계의 도전을 막아낼 수 있을 것인가'로 바꿔 놓은 것으로 평가받고 있다. 영화는 알파고가 만들어진 배경과 과정, 그리고 이세돌과 서울에서 열린 5번의 대국 장면, 그 뒷얘기를 상세히 다루고 있다. 이야기가 진행됨에 따라 다음과 같은 질문들이 생겨난다. 3천 년이나 된 이 게임에 대해 인공지능이 밝혀낼 수 있는 것은 무엇인가? 그리고 그것이 인류에 대해 우리에게 알려줄 수 있는 것은 무엇인가?",
        "poster_path": "/mBebKFGVVuv6tDnUP8F5wKqxuNA.jpg",
        "title": "알파고",
        "vote_average": 7.794
    }
},
{
    "model": "movies.movie",
    "pk": 489999,
    "fields": {
        "original_title": "Searching",
        "overview": "목요일 저녁, 딸 마고에게 걸려온 부재중 전화 3통. 아빠 데이빗은 그 후 연락이 닿지 않는 딸이 실종됐음을 알게된다. 경찰의 조사는 본격적으로 시작되지만 결정적인 단서들이 나오지 않는 가운데, 실종된 날 밤 마고가 향하던 곳이 밝혀지며 새로운 사실들이 발견된다. 사건의 실마리를 찾은 곳은 다름 아닌 딸 마고의 노트북! 구글, 유튜브, 페이스북 등 SNS에서 상상조차하지 못한 딸의 진실이 펼쳐지는데…",
        "poster_path": "/7TgR6Ipwnvu8AjxAm2gPpaqediA.jpg",
        "title": "서치",
        "vote_average": 7.58
    }
},
{
    "model": "movies.movie",
    "pk": 496243,
    "fields": {
        "original_title": "기생충",
        "overview": "전원 백수로 살 길 막막하지만 사이는 좋은 기택 가족. 장남 기우에게 명문대생 친구가 연결시켜 준 고액 과외 자리는 모처럼 싹튼 고정수입의 희망이다. 온 가족의 도움과 기대 속에 박 사장 집으로 향하는 기우. 글로벌 IT기업의 CEO인 박 사장의 저택에 도착하자 젊고 아름다운 사모님 연교와 가정부 문광이 기우를 맞이한다. 큰 문제 없이 박 사장의 딸 다혜의 과외를 시작한 기우. 그러나 이렇게 시작된 두 가족의 만남 뒤로, 걷잡을 수 없는 사건이 기다리고  있는데.....",
        "poster_path": "/eRM0PykovgtK4lin1D4BUql8TBa.jpg",
        "title": "기생충",
        "vote_average": 8.506
    }
},
{
    "model": "movies.movie",
    "pk": 530385,
    "fields": {
        "original_title": "Midsommar",
        "overview": "한여름, 낮이 가장 긴 날 열리는 미드소마에 참석하게 된 친구들. 꽃길인 줄 알고 들어간 지옥길, 축제가 끝나기 전까지 절대 빠져나올 수 없다. 큰 상실을 겪은 대니가 남자친구 크리스티안과 비밀스러운 스웨덴의 한 마을에서 한여름 낮이 가장 긴 날 열리는 하지 축제에 참석해 기이한 경험을 겪고 점점 공포에 빠져들게 되는데...",
        "poster_path": "/bAaeuzr7vzf8EWbhVAyXVIMhXZa.jpg",
        "title": "미드소마",
        "vote_average": 7.2
    }
},
{
    "model": "movies.movie",
    "pk": 535167,
    "fields": {
        "original_title": "流浪地球",
        "overview": "​가까운 미래, 태양계 소멸 위기를 맞은 지구는 영하 70도의 이상 기후와 함께 목성과의 충돌이라는 대재앙에 직면한다. 그러자, 전 세계 연합정부는 지구 자체를 태양계 밖으로 이동시키기 위한 범우주적 인류이민계획을 세우는데…",
        "poster_path": "/yrCsTt8phrO3tYQy0Nwep3bjLKm.jpg",
        "title": "유랑지구",
        "vote_average": 6.6
    }
},
{
    "model": "movies.movie",
    "pk": 568320,
    "fields": {
        "original_title": "뺑반",
        "overview": "경찰 내 최고 엘리트 조직 내사과 소속 경위 은시연. 조직에서 유일하게 믿고 따르는 윤과장과 함께 F1 레이서 출신의 사업가 정재철을 잡기 위해 수사망을 조여가던 시연은 무리한 강압 수사를 벌였다는 오명을 쓰고 뺑소니 전담반으로 좌천된다. 알고 보면 경찰대 수석 출신, 만삭의 리더 우계장과 차에 대한 천부적 감각을 지닌 에이스 순경 서민재. 팀원은 고작 단 두 명, 매뉴얼도 인력도 시간도 없지만 뺑소니 잡는 실력만큼은 최고인 뺑반. 계속해서 재철을 예의주시하던 시연은 뺑반이 수사 중인 미해결 뺑소니 사건의 유력한 용의자가 재철임을 알게 된다. 뺑소니 친 놈은 끝까지 쫓는 뺑반 에이스 민재와 온갖 비리를 일삼는 재철을 잡기 위해 모든 것을 건 시연. 하나의 목표를 향해 힘을 합친 그들의 팀플레이가 시작되는 가운데 방법을 가리지 않고 수사망을 빠져 나가려는 통제불능 스피드광 재철의 반격 역시 점점 과감해지는데…!",
        "poster_path": "/wyu2vlvX0a7Pe1QRz02aEfklxFo.jpg",
        "title": "뺑반",
        "vote_average": 7.0
    }
},
{
    "model": "movies.movie",
    "pk": 581389,
    "fields": {
        "original_title": "승리호",
        "overview": "2092년, 지구는 병들고 우주 위성궤도에 인류의 새로운 보금자리인 UTS가 만들어졌다. 돈 되는 일이라면 뭐든 하는 조종사 태호, 과거 우주 해적단을 이끌었던 장선장, 갱단 두목이었지만 이제는 기관사가 된 타이거 박, 평생 이루고 싶은 꿈을 가진 작살잡이 로봇 업동이, 이들은 우주쓰레기를 주워 돈을 버는 청소선 승리호의 선원들이다. 어느 날 사고 우주정을 수거한 승리호는 그 안에 숨어있던 대량살상무기로 알려진 인간형 로봇 도로시를 발견한다. 돈이 절실한 선원들은 도로시를 거액의 돈과 맞바꾸기 위한 위험한 거래를 계획하는데...",
        "poster_path": "/vOefWMYqC1S3aiCTD5MD8HeXl0Y.jpg",
        "title": "승리호",
        "vote_average": 7.067
    }
},
{
    "model": "movies.movie",
    "pk": 628802,
    "fields": {
        "original_title": "이상한 나라의 수학자",
        "overview": "학문의 자유를 갈망하며 탈북한 천재 수학자 이학성. 그는 자신의 신분과 사연을 숨긴 채 상위 1%의 영재들이 모인 자사고의 경비원으로 살아간다. 차갑고 무뚝뚝한 표정으로 학생들의 기피 대상 1호인 이학성은 어느 날 자신의 정체를 알게 된 뒤 수학을 가르쳐 달라 조르는  수학을 포기한 고등학생 한지우를 만난다. 정답만을 찾는 세상에서 방황하던 한지우에게 올바른 풀이 과정을 찾아나가는 법을 가르치며 이학성 역시 뜻하지 않은 삶의 전환점을 맞게 된다.",
        "poster_path": "/xiRoo0w89hDAFMnMFaIQMaHnbBJ.jpg",
        "title": "이상한 나라의 수학자",
        "vote_average": 8.0
    }
},
{
    "model": "movies.movie",
    "pk": 705996,
    "fields": {
        "original_title": "헤어질 결심",
        "overview": "산 정상에서 추락한 한 남자의 변사 사건. 담당 형사 해준은 사망자의 아내 서래와 마주하게 된다. 남편의 죽음 앞에서 특별한 동요를 보이지 않는 서래. 경찰은 보통의 유가족과는 다른 서래를 용의선상에 올린다. 해준은 사건 당일의 알리바이 탐문과 신문, 잠복수사를 통해 서래를 알아가면서 그녀에 대한 관심이 점점 커져가는 것을 느낀다. 한편 좀처럼 속을 짐작하기 어려운 서래는 상대가 자신을 의심한다는 것을 알면서도 조금의 망설임도 없이 해준을 대하는데...",
        "poster_path": "/rXEJ28XDQsogIGqwVEgwM2oDdpl.jpg",
        "title": "헤어질 결심",
        "vote_average": 7.352
    }
},
{
    "model": "movies.movie",
    "pk": 743815,
    "fields": {
        "original_title": "그녀가 죽었다",
        "overview": "고객이 맡긴 열쇠로 그 집에 들어가  남의 삶을 훔쳐보는 취미를 지닌 공인중개사 구정태. 편의점 소시지를 먹으며 비건 샐러드 사진을 포스팅하는  SNS 인플루언서 한소라에게 흥미를 느끼고 관찰하기 시작한다. 급기야 한소라의 집까지 드나들던 구정태는 어느 날, 그녀가 소파에 죽은 채 늘어져 있는 모습을 발견하게 된다. 그 후 그가 한소라 집에 들어간 것을 알고 있는 누군가가 협박을 시작하고, 사건을 맡은 강력반 형사 오영주의 수사망이 그를 향해 좁혀온다. 스스로 범인을 찾아야 하는 구정태는 한소라의 SNS를 통해 주변 인물들을 뒤지며 진범을 찾아 나서는데…",
        "poster_path": "/wTtcvHnO0lzF9qOgmBjjzce2PMy.jpg",
        "title": "그녀가 죽었다",
        "vote_average": 6.6
    }
},
{
    "model": "movies.movie",
    "pk": 849869,
    "fields": {
        "original_title": "길복순",
        "overview": "청부살인이 본업이지만 겉으로 보기에는 평범한 이벤트 회사인 MK 소속 킬러 길복순은 작품은 반드시 완수해 내는 성공률 100%의 킬러이자, 10대 딸을 둔 엄마다. 업계에서는 아무도 범접할 수 없는 에이스지만, 딸 재영과의 관계는 서툴기만 한 싱글맘인 그는 자신과 딸 사이의 벽을 허물기 위해 퇴사까지 결심한다. MK 대표 차민규의 재계약 제안의 답을 미룬 채, 마지막 작품에 들어간 복순은 임무에 숨겨진 진실을 알게 된 후, 회사가 허가한 일은 반드시 시도해야 한다는 규칙을 어기게 된다. 그 소식을 들은 MK는 물론, 모든 킬러들의 타겟이 되고야 마는데…",
        "poster_path": "/1MQoYvEIvsCZMpTuBlWfbaliJes.jpg",
        "title": "길복순",
        "vote_average": 6.838
    }
},
{
    "model": "movies.movie",
    "pk": 919207,
    "fields": {
        "original_title": "서울의 봄",
        "overview": "박 대통령의 암살 이후, 계엄령이 선포된다. 국군보안사령관 전두광과 그를 따르는 장교들에 의해 쿠데타가 일어나고 군대가 정치적 행동을 해선 안된다고 믿는 완고한 군인인, 수도방위사령관 이태신은 전두광을 막기 위해 그와 맞서기로 한다. 그들의 갈등이 점차 심화되고, 대혼란 속에서 모두가 갈망하던 서울의 봄은 예상치 못한 방향으로 흘러간다.",
        "poster_path": "/ukVVnY9ovwl78WE5KndcpA6SnAm.jpg",
        "title": "서울의 봄",
        "vote_average": 7.4
    }
},
{
    "model": "movies.movie",
    "pk": 976573,
    "fields": {
        "original_title": "Elemental",
        "overview": "불, 물, 공기, 흙 4개의 원소들이 살고 있는 엘리멘트 시티. 재치 있고 불처럼 열정 넘치는 앰버는 어느 날 우연히 유쾌하고 감성적이며 물 흐르듯 사는 웨이드를 만나 특별한 우정을 쌓으며, 지금껏 믿어온 모든 것들이 흔들리는 새로운 경험을 하게 되는데...",
        "poster_path": "/w7eApyAshbepBnDyYRjSeGyRHi2.jpg",
        "title": "엘리멘탈",
        "vote_average": 7.632
    }
},
{
    "model": "movies.movie",
    "pk": 995926,
    "fields": {
        "original_title": "베테랑 2",
        "overview": "가족들도 못 챙기고 밤낮 없이 범죄들과 싸우는 베테랑 형사 서도철과 강력범죄수사대 형사들. 어느 날, 한 교수의 죽음이 이전에 발생했던 살인 사건들과 연관성이 있는 것으로 밝혀지며 전국은 연쇄살인범으로 인해 떠들썩해진다. 이에 단서를 추적하며 수사를 시작한 형사들. 하지만 이들을 비웃기라도 하듯, 연쇄살인범은 다음 살인 대상을 지목하는 예고편을 인터넷에 공개하며 또 한 번 전 국민을 흔들어 놓는다. 강력범죄수사대는 서도철의 눈에 든 정의감 넘치는 막내 형사 박선우를 투입한다. 그리고 사건은 새로운 방향으로 흐르게 되는데...",
        "poster_path": "/akqfhtM1Wa1klFi7ijmyNm7Sm1j.jpg",
        "title": "베테랑 2",
        "vote_average": 6.594
    }
},
{
    "model": "movies.movie",
    "pk": 1007481,
    "fields": {
        "original_title": "한국이 싫어서",
        "overview": "내가 왜 한국을 떠나느냐고? 두 마디로 요약하자면 ‘한국이 싫어서’. 세 마디로 줄이면 ‘여기서는 못 살겠어서’. 계나는 지금 이 순간의 행복을 좇아 떠나기로 했다.",
        "poster_path": "/lk51JORJXc8qDpNLSybGAjxRRLO.jpg",
        "title": "한국이 싫어서",
        "vote_average": 7.0
    }
},
{
    "model": "movies.movie",
    "pk": 1022789,
    "fields": {
        "original_title": "Inside Out 2",
        "overview": "13살이 된 라일리의 행복을 위해 매일 바쁘게 머릿속 감정 컨트롤 본부를 운영하는 ‘기쁨’, ‘슬픔’, ‘버럭’, ‘까칠’, ‘소심’. 그러던 어느 날, 낯선 감정인 ‘불안’, ‘당황’, ‘따분’, ‘부럽’이가 본부에 등장하고, 언제나 최악의 상황을 대비하며 제멋대로인 ‘불안’이와 기존 감정들은 계속 충돌한다. 결국 새로운 감정들에 의해 본부에서 쫓겨나게 된 기존 감정들은 다시 본부로 돌아가기 위해 위험천만한 모험을 시작하는데…",
        "poster_path": "/x2BHx02jMbvpKjMvbf8XxJkYwHJ.jpg",
        "title": "인사이드 아웃 2",
        "vote_average": 7.589
    }
},
{
    "model": "movies.movie",
    "pk": 1043826,
    "fields": {
        "original_title": "혜옥이",
        "overview": "명문대를 졸업한 라엘은 행정고시를 준비하기 위해 신림동 고시촌에 입성한다. 2년 안에 합격을 할 것이라는 엄마와 라엘의 생각과는 달리 N수생이 된 라엘은 점점 자존감이 떨어지고 시험을 포기하고 싶어지는데… 그러던 어느 날 딸의 합격을 위해 엄마는 라엘의 새로운 이름을 스님으로부터 받아오게 된다. 지혜 ‘혜’ 보배 ‘옥’ 이혜옥  “그런데 엄마.. 나 그만하면 안될까? 여기서 나가고 싶어”",
        "poster_path": "/rEpNeViuGvB7zqwbmEJrdJbVBud.jpg",
        "title": "혜옥이",
        "vote_average": 5.5
    }
},
{
    "model": "movies.movie",
    "pk": 1244492,
    "fields": {
        "original_title": "ルックバック",
        "overview": "4학년인 '후지노'는 학교 신문에 네컷 만화를 그리며 친구들의 극찬을 받는다. 그림에 대한 자신감으로 만화가를 꿈꾸던 ‘후지노’는 학교에 나오지 않는 동급생 ‘쿄모토’와 함께 네컷 만화를 연재하며 그림을 향한 한결 같은 마음으로 눈부신 우정을 쌓아 간다. 그러던 어느 날, 단 하나의 사건이 그들을 찾아 오는데... 만화만이 세상이 전부였던 두 소녀의 가슴 벅찬 성장 이야기가 시작된다!",
        "poster_path": "/ehl2Du38qbg9M2cqfoVPUKgVDTy.jpg",
        "title": "룩백",
        "vote_average": 8.0
    }
},
{
    "model": "movies.comment",
    "pk": 1,
    "fields": {
        "user": 1,
        "feed": 87,
        "content": "인정입니다.",
        "created_at": "2024-11-22T15:06:35.632"
    }
},
{
    "model": "movies.comment",
    "pk": 2,
    "fields": {
        "user": 1,
        "feed": 89,
        "content": "존예 인정",
        "created_at": "2024-11-22T15:06:54.112"
    }
},
{
    "model": "movies.comment",
    "pk": 3,
    "fields": {
        "user": 1,
        "feed": 93,
        "content": "전 Caravan을 좋아합니당",
        "created_at": "2024-11-22T15:15:09.680"
    }
},
{
    "model": "movies.comment",
    "pk": 4,
    "fields": {
        "user": 1,
        "feed": 94,
        "content": "추천합니당",
        "created_at": "2024-11-22T15:28:24.609"
    }
},
{
    "model": "movies.comment",
    "pk": 5,
    "fields": {
        "user": 1,
        "feed": 84,
        "content": "다른 사람들에게도 추천해요!",
        "created_at": "2024-11-22T15:44:17.868"
    }
},
{
    "model": "movies.comment",
    "pk": 6,
    "fields": {
        "user": 8,
        "feed": 94,
        "content": "저도 보고싶어요.",
        "created_at": "2024-11-22T16:03:59.140"
    }
},
{
    "model": "movies.comment",
    "pk": 7,
    "fields": {
        "user": 9,
        "feed": 41,
        "content": "이거 재밌어?",
        "created_at": "2024-11-22T16:54:38.533"
    }
},
{
    "model": "movies.comment",
    "pk": 8,
    "fields": {
        "user": 1,
        "feed": 41,
        "content": "재밌음",
        "created_at": "2024-11-22T16:58:41.758"
    }
},
{
    "model": "authtoken.token",
    "pk": "06b688a2edee42aa8a1eeeb883b6353b26fe231b",
    "fields": {
        "user": 8,
        "created": "2024-11-22T16:01:11.717"
    }
},
{
    "model": "authtoken.token",
    "pk": "2d43d0e7e627a2eea322396f2d8724c429491a42",
    "fields": {
        "user": 4,
        "created": "2024-11-22T12:55:37.960"
    }
},
{
    "model": "authtoken.token",
    "pk": "404e113e03fafcd6f3877c7aa5e94d3ff7a8ef91",
    "fields": {
        "user": 2,
        "created": "2024-11-22T12:49:57.054"
    }
},
{
    "model": "authtoken.token",
    "pk": "6210234ae9aac8a556dff1215e21326a1e31b4cf",
    "fields": {
        "user": 9,
        "created": "2024-11-22T16:52:37.373"
    }
},
{
    "model": "authtoken.token",
    "pk": "7f14b9ed576aa2cd0a4177740163a5583cf637c6",
    "fields": {
        "user": 3,
        "created": "2024-11-22T12:53:24.272"
    }
},
{
    "model": "authtoken.token",
    "pk": "d7fef01f7ed0f6d1d8c88a41baffceef82991e6e",
    "fields": {
        "user": 1,
        "created": "2024-11-22T10:34:15.515"
    }
},
{
    "model": "authtoken.token",
    "pk": "e136f66545c5a85d7e2f34f2a57e40136beb8348",
    "fields": {
        "user": 5,
        "created": "2024-11-22T13:01:12.266"
    }
},
{
    "model": "authtoken.token",
    "pk": "edb023fee7f05601bf8d822dc6d7a0c56d44dccd",
    "fields": {
        "user": 7,
        "created": "2024-11-22T13:13:03.193"
    }
},
{
    "model": "authtoken.token",
    "pk": "fcbd38ba7c44c0ea758ae13c31c611032b61a1c9",
    "fields": {
        "user": 6,
        "created": "2024-11-22T13:07:58.634"
    }
},
{
    "model": "auth.permission",
    "pk": 1,
    "fields": {
        "name": "Can add user",
        "content_type": 1,
        "codename": "add_user"
    }
},
{
    "model": "auth.permission",
    "pk": 2,
    "fields": {
        "name": "Can change user",
        "content_type": 1,
        "codename": "change_user"
    }
},
{
    "model": "auth.permission",
    "pk": 3,
    "fields": {
        "name": "Can delete user",
        "content_type": 1,
        "codename": "delete_user"
    }
},
{
    "model": "auth.permission",
    "pk": 4,
    "fields": {
        "name": "Can view user",
        "content_type": 1,
        "codename": "view_user"
    }
},
{
    "model": "auth.permission",
    "pk": 5,
    "fields": {
        "name": "Can add feed",
        "content_type": 2,
        "codename": "add_feed"
    }
},
{
    "model": "auth.permission",
    "pk": 6,
    "fields": {
        "name": "Can change feed",
        "content_type": 2,
        "codename": "change_feed"
    }
},
{
    "model": "auth.permission",
    "pk": 7,
    "fields": {
        "name": "Can delete feed",
        "content_type": 2,
        "codename": "delete_feed"
    }
},
{
    "model": "auth.permission",
    "pk": 8,
    "fields": {
        "name": "Can view feed",
        "content_type": 2,
        "codename": "view_feed"
    }
},
{
    "model": "auth.permission",
    "pk": 9,
    "fields": {
        "name": "Can add movie",
        "content_type": 3,
        "codename": "add_movie"
    }
},
{
    "model": "auth.permission",
    "pk": 10,
    "fields": {
        "name": "Can change movie",
        "content_type": 3,
        "codename": "change_movie"
    }
},
{
    "model": "auth.permission",
    "pk": 11,
    "fields": {
        "name": "Can delete movie",
        "content_type": 3,
        "codename": "delete_movie"
    }
},
{
    "model": "auth.permission",
    "pk": 12,
    "fields": {
        "name": "Can view movie",
        "content_type": 3,
        "codename": "view_movie"
    }
},
{
    "model": "auth.permission",
    "pk": 13,
    "fields": {
        "name": "Can add comment",
        "content_type": 4,
        "codename": "add_comment"
    }
},
{
    "model": "auth.permission",
    "pk": 14,
    "fields": {
        "name": "Can change comment",
        "content_type": 4,
        "codename": "change_comment"
    }
},
{
    "model": "auth.permission",
    "pk": 15,
    "fields": {
        "name": "Can delete comment",
        "content_type": 4,
        "codename": "delete_comment"
    }
},
{
    "model": "auth.permission",
    "pk": 16,
    "fields": {
        "name": "Can view comment",
        "content_type": 4,
        "codename": "view_comment"
    }
},
{
    "model": "auth.permission",
    "pk": 17,
    "fields": {
        "name": "Can add emoji",
        "content_type": 5,
        "codename": "add_emoji"
    }
},
{
    "model": "auth.permission",
    "pk": 18,
    "fields": {
        "name": "Can change emoji",
        "content_type": 5,
        "codename": "change_emoji"
    }
},
{
    "model": "auth.permission",
    "pk": 19,
    "fields": {
        "name": "Can delete emoji",
        "content_type": 5,
        "codename": "delete_emoji"
    }
},
{
    "model": "auth.permission",
    "pk": 20,
    "fields": {
        "name": "Can view emoji",
        "content_type": 5,
        "codename": "view_emoji"
    }
},
{
    "model": "auth.permission",
    "pk": 21,
    "fields": {
        "name": "Can add Token",
        "content_type": 6,
        "codename": "add_token"
    }
},
{
    "model": "auth.permission",
    "pk": 22,
    "fields": {
        "name": "Can change Token",
        "content_type": 6,
        "codename": "change_token"
    }
},
{
    "model": "auth.permission",
    "pk": 23,
    "fields": {
        "name": "Can delete Token",
        "content_type": 6,
        "codename": "delete_token"
    }
},
{
    "model": "auth.permission",
    "pk": 24,
    "fields": {
        "name": "Can view Token",
        "content_type": 6,
        "codename": "view_token"
    }
},
{
    "model": "auth.permission",
    "pk": 25,
    "fields": {
        "name": "Can add token",
        "content_type": 7,
        "codename": "add_tokenproxy"
    }
},
{
    "model": "auth.permission",
    "pk": 26,
    "fields": {
        "name": "Can change token",
        "content_type": 7,
        "codename": "change_tokenproxy"
    }
},
{
    "model": "auth.permission",
    "pk": 27,
    "fields": {
        "name": "Can delete token",
        "content_type": 7,
        "codename": "delete_tokenproxy"
    }
},
{
    "model": "auth.permission",
    "pk": 28,
    "fields": {
        "name": "Can view token",
        "content_type": 7,
        "codename": "view_tokenproxy"
    }
},
{
    "model": "auth.permission",
    "pk": 29,
    "fields": {
        "name": "Can add email address",
        "content_type": 8,
        "codename": "add_emailaddress"
    }
},
{
    "model": "auth.permission",
    "pk": 30,
    "fields": {
        "name": "Can change email address",
        "content_type": 8,
        "codename": "change_emailaddress"
    }
},
{
    "model": "auth.permission",
    "pk": 31,
    "fields": {
        "name": "Can delete email address",
        "content_type": 8,
        "codename": "delete_emailaddress"
    }
},
{
    "model": "auth.permission",
    "pk": 32,
    "fields": {
        "name": "Can view email address",
        "content_type": 8,
        "codename": "view_emailaddress"
    }
},
{
    "model": "auth.permission",
    "pk": 33,
    "fields": {
        "name": "Can add email confirmation",
        "content_type": 9,
        "codename": "add_emailconfirmation"
    }
},
{
    "model": "auth.permission",
    "pk": 34,
    "fields": {
        "name": "Can change email confirmation",
        "content_type": 9,
        "codename": "change_emailconfirmation"
    }
},
{
    "model": "auth.permission",
    "pk": 35,
    "fields": {
        "name": "Can delete email confirmation",
        "content_type": 9,
        "codename": "delete_emailconfirmation"
    }
},
{
    "model": "auth.permission",
    "pk": 36,
    "fields": {
        "name": "Can view email confirmation",
        "content_type": 9,
        "codename": "view_emailconfirmation"
    }
},
{
    "model": "auth.permission",
    "pk": 37,
    "fields": {
        "name": "Can add social account",
        "content_type": 10,
        "codename": "add_socialaccount"
    }
},
{
    "model": "auth.permission",
    "pk": 38,
    "fields": {
        "name": "Can change social account",
        "content_type": 10,
        "codename": "change_socialaccount"
    }
},
{
    "model": "auth.permission",
    "pk": 39,
    "fields": {
        "name": "Can delete social account",
        "content_type": 10,
        "codename": "delete_socialaccount"
    }
},
{
    "model": "auth.permission",
    "pk": 40,
    "fields": {
        "name": "Can view social account",
        "content_type": 10,
        "codename": "view_socialaccount"
    }
},
{
    "model": "auth.permission",
    "pk": 41,
    "fields": {
        "name": "Can add social application",
        "content_type": 11,
        "codename": "add_socialapp"
    }
},
{
    "model": "auth.permission",
    "pk": 42,
    "fields": {
        "name": "Can change social application",
        "content_type": 11,
        "codename": "change_socialapp"
    }
},
{
    "model": "auth.permission",
    "pk": 43,
    "fields": {
        "name": "Can delete social application",
        "content_type": 11,
        "codename": "delete_socialapp"
    }
},
{
    "model": "auth.permission",
    "pk": 44,
    "fields": {
        "name": "Can view social application",
        "content_type": 11,
        "codename": "view_socialapp"
    }
},
{
    "model": "auth.permission",
    "pk": 45,
    "fields": {
        "name": "Can add social application token",
        "content_type": 12,
        "codename": "add_socialtoken"
    }
},
{
    "model": "auth.permission",
    "pk": 46,
    "fields": {
        "name": "Can change social application token",
        "content_type": 12,
        "codename": "change_socialtoken"
    }
},
{
    "model": "auth.permission",
    "pk": 47,
    "fields": {
        "name": "Can delete social application token",
        "content_type": 12,
        "codename": "delete_socialtoken"
    }
},
{
    "model": "auth.permission",
    "pk": 48,
    "fields": {
        "name": "Can view social application token",
        "content_type": 12,
        "codename": "view_socialtoken"
    }
},
{
    "model": "auth.permission",
    "pk": 49,
    "fields": {
        "name": "Can add log entry",
        "content_type": 13,
        "codename": "add_logentry"
    }
},
{
    "model": "auth.permission",
    "pk": 50,
    "fields": {
        "name": "Can change log entry",
        "content_type": 13,
        "codename": "change_logentry"
    }
},
{
    "model": "auth.permission",
    "pk": 51,
    "fields": {
        "name": "Can delete log entry",
        "content_type": 13,
        "codename": "delete_logentry"
    }
},
{
    "model": "auth.permission",
    "pk": 52,
    "fields": {
        "name": "Can view log entry",
        "content_type": 13,
        "codename": "view_logentry"
    }
},
{
    "model": "auth.permission",
    "pk": 53,
    "fields": {
        "name": "Can add permission",
        "content_type": 14,
        "codename": "add_permission"
    }
},
{
    "model": "auth.permission",
    "pk": 54,
    "fields": {
        "name": "Can change permission",
        "content_type": 14,
        "codename": "change_permission"
    }
},
{
    "model": "auth.permission",
    "pk": 55,
    "fields": {
        "name": "Can delete permission",
        "content_type": 14,
        "codename": "delete_permission"
    }
},
{
    "model": "auth.permission",
    "pk": 56,
    "fields": {
        "name": "Can view permission",
        "content_type": 14,
        "codename": "view_permission"
    }
},
{
    "model": "auth.permission",
    "pk": 57,
    "fields": {
        "name": "Can add group",
        "content_type": 15,
        "codename": "add_group"
    }
},
{
    "model": "auth.permission",
    "pk": 58,
    "fields": {
        "name": "Can change group",
        "content_type": 15,
        "codename": "change_group"
    }
},
{
    "model": "auth.permission",
    "pk": 59,
    "fields": {
        "name": "Can delete group",
        "content_type": 15,
        "codename": "delete_group"
    }
},
{
    "model": "auth.permission",
    "pk": 60,
    "fields": {
        "name": "Can view group",
        "content_type": 15,
        "codename": "view_group"
    }
},
{
    "model": "auth.permission",
    "pk": 61,
    "fields": {
        "name": "Can add content type",
        "content_type": 16,
        "codename": "add_contenttype"
    }
},
{
    "model": "auth.permission",
    "pk": 62,
    "fields": {
        "name": "Can change content type",
        "content_type": 16,
        "codename": "change_contenttype"
    }
},
{
    "model": "auth.permission",
    "pk": 63,
    "fields": {
        "name": "Can delete content type",
        "content_type": 16,
        "codename": "delete_contenttype"
    }
},
{
    "model": "auth.permission",
    "pk": 64,
    "fields": {
        "name": "Can view content type",
        "content_type": 16,
        "codename": "view_contenttype"
    }
},
{
    "model": "auth.permission",
    "pk": 65,
    "fields": {
        "name": "Can add session",
        "content_type": 17,
        "codename": "add_session"
    }
},
{
    "model": "auth.permission",
    "pk": 66,
    "fields": {
        "name": "Can change session",
        "content_type": 17,
        "codename": "change_session"
    }
},
{
    "model": "auth.permission",
    "pk": 67,
    "fields": {
        "name": "Can delete session",
        "content_type": 17,
        "codename": "delete_session"
    }
},
{
    "model": "auth.permission",
    "pk": 68,
    "fields": {
        "name": "Can view session",
        "content_type": 17,
        "codename": "view_session"
    }
},
{
    "model": "auth.permission",
    "pk": 69,
    "fields": {
        "name": "Can add notification",
        "content_type": 18,
        "codename": "add_notification"
    }
},
{
    "model": "auth.permission",
    "pk": 70,
    "fields": {
        "name": "Can change notification",
        "content_type": 18,
        "codename": "change_notification"
    }
},
{
    "model": "auth.permission",
    "pk": 71,
    "fields": {
        "name": "Can delete notification",
        "content_type": 18,
        "codename": "delete_notification"
    }
},
{
    "model": "auth.permission",
    "pk": 72,
    "fields": {
        "name": "Can view notification",
        "content_type": 18,
        "codename": "view_notification"
    }
},
{
    "model": "contenttypes.contenttype",
    "pk": 1,
    "fields": {
        "app_label": "accounts",
        "model": "user"
    }
},
{
    "model": "contenttypes.contenttype",
    "pk": 2,
    "fields": {
        "app_label": "movies",
        "model": "feed"
    }
},
{
    "model": "contenttypes.contenttype",
    "pk": 3,
    "fields": {
        "app_label": "movies",
        "model": "movie"
    }
},
{
    "model": "contenttypes.contenttype",
    "pk": 4,
    "fields": {
        "app_label": "movies",
        "model": "comment"
    }
},
{
    "model": "contenttypes.contenttype",
    "pk": 5,
    "fields": {
        "app_label": "movies",
        "model": "emoji"
    }
},
{
    "model": "contenttypes.contenttype",
    "pk": 6,
    "fields": {
        "app_label": "authtoken",
        "model": "token"
    }
},
{
    "model": "contenttypes.contenttype",
    "pk": 7,
    "fields": {
        "app_label": "authtoken",
        "model": "tokenproxy"
    }
},
{
    "model": "contenttypes.contenttype",
    "pk": 8,
    "fields": {
        "app_label": "account",
        "model": "emailaddress"
    }
},
{
    "model": "contenttypes.contenttype",
    "pk": 9,
    "fields": {
        "app_label": "account",
        "model": "emailconfirmation"
    }
},
{
    "model": "contenttypes.contenttype",
    "pk": 10,
    "fields": {
        "app_label": "socialaccount",
        "model": "socialaccount"
    }
},
{
    "model": "contenttypes.contenttype",
    "pk": 11,
    "fields": {
        "app_label": "socialaccount",
        "model": "socialapp"
    }
},
{
    "model": "contenttypes.contenttype",
    "pk": 12,
    "fields": {
        "app_label": "socialaccount",
        "model": "socialtoken"
    }
},
{
    "model": "contenttypes.contenttype",
    "pk": 13,
    "fields": {
        "app_label": "admin",
        "model": "logentry"
    }
},
{
    "model": "contenttypes.contenttype",
    "pk": 14,
    "fields": {
        "app_label": "auth",
        "model": "permission"
    }
},
{
    "model": "contenttypes.contenttype",
    "pk": 15,
    "fields": {
        "app_label": "auth",
        "model": "group"
    }
},
{
    "model": "contenttypes.contenttype",
    "pk": 16,
    "fields": {
        "app_label": "contenttypes",
        "model": "contenttype"
    }
},
{
    "model": "contenttypes.contenttype",
    "pk": 17,
    "fields": {
        "app_label": "sessions",
        "model": "session"
    }
},
{
    "model": "contenttypes.contenttype",
    "pk": 18,
    "fields": {
        "app_label": "notifications",
        "model": "notification"
    }
},
{
    "model": "sessions.session",
    "pk": "0s253tyff44uewq819egvraf92ww8rge",
    "fields": {
        "session_data": ".eJxVjE0OwiAYRO_C2hBQKODSfc9A-H6QqoGktCvj3W2TLnQzi3lv5i1iWpcS185znEhchROn3w4SPrnugB6p3pvEVpd5Arkr8qBdjo34dTvcv4OSetnW7DMYz9qk7JEBAAeFNrANRI7VJZwzOiSj2SltAw4-O5-s4y00ghGfLxt2OOE:1tEL2V:-7NOOj13rZyANRh_m-Mjo9mi3UGDqY4mFEEZGaGrfTA",
        "expire_date": "2024-12-06T13:13:03.447"
    }
},
{
    "model": "sessions.session",
    "pk": "3fle3osj8qgqjd2aytb76a0jjwyoz17c",
    "fields": {
        "session_data": ".eJxljMsOwiAUBf-FdUMKLa8u3fcbCFxuLYqQtMWN8d-1pjExbmfmnAdxAKXmzd5xiVPEYPHmYiJDrik1X1tXXMhAJGmIdXWbP8DG8M-8gyvmXYSLy-dCoeRtiZ7uCT3sSscSMJ2O9udgduv8XnPZsklz7I2QLaDqpQwKDShQjHEheq99EAo0FxoVN0xq7YyfhOGd7hgjzxdQ90gR:1tEKxa:-Ki-cE2mp_oDkxKCziOT88eSV8NrYqeifYGGlNGJbHg",
        "expire_date": "2024-12-06T13:07:58.649"
    }
},
{
    "model": "sessions.session",
    "pk": "3h2jiw34bpus485o1rmcrvl7jgyqlb1t",
    "fields": {
        "session_data": ".eJxljEEOwiAURO_CummKQoEu3XsG8vl8LIqQtMWN8e62pjExbmYx7808GSCWmhf7oCmGSN7SHWJiQ64pNV9aZ5rYwBRrmIW6jJ_CRv_fOcAb5Q34K-RLabHkZYqu3ZR2p3N7Lp7SaXd_DkaYx3VNOjihiQsIGsk5h32H0pA03ivqjuYQUKEXnFTHpcFeB6VBKlqDoxPs9QayTUp3:1tEL2V:_aP8FctLtZXwle_xRe-hSSMBMykcofZRl_c5HQe88Mk",
        "expire_date": "2024-12-06T13:13:03.208"
    }
},
{
    "model": "sessions.session",
    "pk": "6nrljekuquoem8tkox5qoq22vwoeb761",
    "fields": {
        "session_data": ".eJxVjMsOgjAQRf-la9NgoTDj0r3fQObREdTQhMLK-O9CwkK395xz366ndRn6taS5H9Vd3NmdfjcmeaZpB_qg6Z695GmZR_a74g9a_C1rel0P9-9goDJsdaeVIrdkFXcQFVKMFA0YJVloOgvYCpI0dagNpLaWGHhjgCxNheo-XweBORQ:1tEOV7:pvKvLiaTHlzBO9ROzli3bIoQF7dtSU3I6VRadNrTcm0",
        "expire_date": "2024-12-06T16:54:49.983"
    }
},
{
    "model": "sessions.session",
    "pk": "7sedauw1ayym6m4ap18a2p6uap21ao2n",
    "fields": {
        "session_data": ".eJxVjMsOgjAQRf-la9NgoTDj0r3fQObREdTQhMLK-O9CwkK395xz366ndRn6taS5H9Vd3NmdfjcmeaZpB_qg6Z695GmZR_a74g9a_C1rel0P9-9goDJsdaeVIrdkFXcQFVKMFA0YJVloOgvYCpI0dagNpLaWGHhjgCxNheo-XweBORQ:1tEKiJ:ySMzfb7l4wLmDOWFIkT0eO4co-b0_3WtlcSMdnvf87M",
        "expire_date": "2024-12-06T12:52:11.758"
    }
},
{
    "model": "sessions.session",
    "pk": "8opqt3uh2ti5lqtztrl4hk0z9nvmmncj",
    "fields": {
        "session_data": ".eJxVjEEOwiAQRe_C2hAoDAWX7nsGMgOjVA0kpV0Z765NutDtf-_9l4i4rSVunZc4Z3EWVpx-N8L04LqDfMd6azK1ui4zyV2RB-1yapmfl8P9OyjYy7cGQ44yG2TUg0eVSENK3rshUCanSZlsXVAjIjiLGnhUYNleAycI1ov3B_gZN_w:1tEKle:LSmHbB3fnIka05sYIfx87JhaBkRSO7q8ujiev_WynHA",
        "expire_date": "2024-12-06T12:55:38.217"
    }
},
{
    "model": "sessions.session",
    "pk": "9hh1h5kpy73wm4h6i7g2g1qnipun3c5d",
    "fields": {
        "session_data": ".eJxljEEOwiAURO_CuiFCqZQu3XsG8j_wLYqQtMWN8e62pjExLmfem3kycK7UvNhHmCLF4G24Q0xsyDWl5kvrHCY2MMkaZqEu46ew0f93CO4W8gb8FfKlcFfyMkXkm8J3OvNz8SGddvfnYIR5XNemJwcglEI0kgzRwQhJCj2A1sp0ioQJUgk4dq1GXLMkKQKR8S2i7tnrDYzgSgQ:1tEKg9:I34tyrmzTQVUtDfaAQAArGzkuC25hRwPwNZQaMKKR4Y",
        "expire_date": "2024-12-06T12:49:57.085"
    }
},
{
    "model": "sessions.session",
    "pk": "b210wn3v5k8fwm7iq39eg8u7l762gett",
    "fields": {
        "session_data": ".eJxljMEOwiAQBf-Fc9NACxQ8evcbyC5sLYqQtMWL8d-1pjExXmfmvQcD70vNq7vTHMdIwdENYmKHXFNqvrYuNLMDk6xhDuo6fYCL4Z8h-CvlTYQL5HNpfcnrHLHdkna3S3sqgdJxb38OJlim91r1qDFQDwSiM8A9CuW9MbqzGFAL5H2Q2vIBQGkJQtHAlSQ5WvLKSsOeL4z4SY8:1tEKld:ezP4iNCX9gy6fIUEJRceiI3qsIJJW0deIUHv-USareg",
        "expire_date": "2024-12-06T12:55:37.975"
    }
},
{
    "model": "sessions.session",
    "pk": "bp1h000sikj41ad14f82vmhn3rc9q0nt",
    "fields": {
        "session_data": ".eJxVjDsOwjAQBe_iGlnZjT9rSnrOYPmzwQFkS3FSIe4OkVJA-2bmvYQP21r81nnxcxZnYcTpd4shPbjuIN9DvTWZWl2XOcpdkQft8toyPy-H-3dQQi_fGs0AEyErp82Q2CpjsmWXbLIAqLWKFLO2iVATW3RgiIKLk3Y40ggg3h-6vjZ8:1tEKxa:Vv1zmVfyiTLNw-uVKd1fXrxMf513oFX-J6QjFDWVPf0",
        "expire_date": "2024-12-06T13:07:58.917"
    }
},
{
    "model": "sessions.session",
    "pk": "dxcqpqg3nsnfexmx6kty8wqzobmfo56s",
    "fields": {
        "session_data": ".eJxVjMEOwiAQRP-FsyFCt9L16L3fQHaBlaqBpLQn47_bJj3ocea9mbfytC7Zry3Nforqqqw6_XZM4ZnKDuKDyr3qUMsyT6x3RR-06bHG9Lod7t9Bppa3NQ4SiAwAM1pBkTMaK8CRyDnAHsRgsmDo0neOectWrEkiGDtmN6jPF_lbOHM:1tEKg9:IK_hI1kd4MaYx5ryFTxgXIMBx2QeV4UqJy0paEuy-pw",
        "expire_date": "2024-12-06T12:49:57.323"
    }
},
{
    "model": "sessions.session",
    "pk": "fg82gjo1u7a38tbhojafax4audr3utjr",
    "fields": {
        "session_data": ".eJxVjEEOwiAQRe_C2pAOQwu4dO8ZCAOMVA0kpV0Z765NutDtf-_9l_BhW4vfel78nMRZOHH63SjER647SPdQb03GVtdlJrkr8qBdXlvKz8vh_h2U0Mu3BgbKqCMkgjiYETHEHCYNjq2LQ7LMpBgcgSGjWSGiYrST01nDiEa8P_YXN6Y:1tEOSz:hDwmWvAG-Hl9dnUWJMurvXvjMNrqGWK9Xv-nqcWeQlw",
        "expire_date": "2024-12-06T16:52:37.649"
    }
},
{
    "model": "sessions.session",
    "pk": "gpyrc1nzypjn40h7sgk9do9dipu3lq89",
    "fields": {
        "session_data": ".eJxVjEEOwiAQRe_C2pChQCku3XsGwgyMVA0kpV0Z765NutDtf-_9lwhxW0vYel7CnMRZWHH63TDSI9cdpHustyap1XWZUe6KPGiX15by83K4fwcl9vKtPSfGkQwQTVora9yEmZ0nC8mlAQYHoOJoOWdjNSg2yhN7JtQGtEfx_gDrpjfV:1tEKr2:StgcoPWa-2Cid4Hnyev8UmTueixkQvkvvH3HqXdnx5U",
        "expire_date": "2024-12-06T13:01:12.526"
    }
},
{
    "model": "sessions.session",
    "pk": "h7oj27plfah9iuqm7774ga3jv0kz948l",
    "fields": {
        "session_data": ".eJxVjMsOgjAQRf-la9NgoTDj0r3fQObREdTQhMLK-O9CwkK395xz366ndRn6taS5H9Vd3NmdfjcmeaZpB_qg6Z695GmZR_a74g9a_C1rel0P9-9goDJsdaeVIrdkFXcQFVKMFA0YJVloOgvYCpI0dagNpLaWGHhjgCxNheo-XweBORQ:1tEL9G:o2OeVeWhBQZKXuBzSdW6i0af0cCRS71jA5VFn0ojvdk",
        "expire_date": "2024-12-06T13:20:02.435"
    }
},
{
    "model": "sessions.session",
    "pk": "nzqou30fepa7hho97xeb11yvk9jjiwvf",
    "fields": {
        "session_data": ".eJxVjMsOgjAQRf-la9NgoTDj0r3fQObREdTQhMLK-O9CwkK395xz366ndRn6taS5H9Vd3NmdfjcmeaZpB_qg6Z695GmZR_a74g9a_C1rel0P9-9goDJsdaeVIrdkFXcQFVKMFA0YJVloOgvYCpI0dagNpLaWGHhjgCxNheo-XweBORQ:1tELO8:kA6GXXQwvWBRPlJT6LZliqpnClnGQ6BhDdB5cRF3ni8",
        "expire_date": "2024-12-06T13:35:24.636"
    }
},
{
    "model": "sessions.session",
    "pk": "qzovpbl2pyof6off7q37j0rd6vde37e2",
    "fields": {
        "session_data": ".eJxVjMsOgjAQRf-la9NgoTDj0r3fQObREdTQhMLK-O9CwkK395xz366ndRn6taS5H9Vd3NmdfjcmeaZpB_qg6Z695GmZR_a74g9a_C1rel0P9-9goDJsdaeVIrdkFXcQFVKMFA0YJVloOgvYCpI0dagNpLaWGHhjgCxNheo-XweBORQ:1tEIYp:9qtrxBCKYU8iXU5N7hzwoVmqpCS7CR6TIh_WhfaSzRM",
        "expire_date": "2024-12-06T10:34:15.547"
    }
},
{
    "model": "sessions.session",
    "pk": "r7jtaagyo8uvkc8i8xrrgdwds3xj40iq",
    "fields": {
        "session_data": ".eJxljMsOwiAQRf-FddNQofSxdO83kGFmsChC0hY3xn_XmsbEuD3n3PsQgJhLWu2d5-ADk-UbhCjGVGKsvrYsPItRKFEJC2WdPsAG-mcO8MppE3SBdM415rTOwdVbUu92qU-ZOB739udggmV6r9HpXjW9aXspNUsJ3ivXDaAdem2AyCFL05IEo1ujh2YgqVSDmqRTnTuI5wt2UElL:1tEKjU:VR2fm7jC5m7K47TER35z3wnfYog2q4TuHchWv7SsGgQ",
        "expire_date": "2024-12-06T12:53:24.288"
    }
},
{
    "model": "sessions.session",
    "pk": "r83rx6ddd3t2rlshrwi3xeew60zcdvi4",
    "fields": {
        "session_data": ".eJxljEEOwiAUBe_CuiFQoBSX7j0Dgc_HoghJW9wY7641jYlxOzPvPYgDqK2s9o5zigmDxZtLmRxKy7n72rbgTA5EkY5Y19bpA2wK_8w7uGLZRLi4cq4Ualnn5OmW0N0u9FQD5uPe_hxMbpneaxND9ANIBjAKwZXUo8eoDSgWdOhZrxnjblARUSrBeJTcQDQRvJBMGE-eL4EySWk:1tEKr2:be_I1bKyqcpbp8zE7ETRuKdxwnBFYnvC9lpdptugHig",
        "expire_date": "2024-12-06T13:01:12.286"
    }
},
{
    "model": "sessions.session",
    "pk": "ugp4y4xp51q1h4uunrh2i5akl3hjuae1",
    "fields": {
        "session_data": ".eJxljMEOwiAQBf-Fc0NKoaV49O43kGVZLIqQtMWL8d-1pjExXmfmvQcDxFLzau80xxDJW7pBTOyQa0rN19aFZnZghjXMQl2nD7DR_zMHeKW8CX-BfC4cS17n6PiW8N0u_FQ8pePe_hxMsEzvtQjCkVQovBPY6l5KQIJBCRNGg60fQ3BdEMYJ7bQKnZSyC3IcjCIleqnZ8wWOV0k-:1tEOSz:SLbJ5QpXu8pFFwpIrdWbEiUyhGY0SxA9d5lbqLGFru4",
        "expire_date": "2024-12-06T16:52:37.416"
    }
},
{
    "model": "sessions.session",
    "pk": "waqzdn4kbyqoej7celavi57d899f9hdk",
    "fields": {
        "session_data": ".eJxVjDsOwyAQRO9CHSEt5psyfc6AFliCkwgkY1dW7h4suUg03bw3szOP21r81mnxc2JXZtnltwsYX1QPkJ5YH43HVtdlDvxQ-Ek7v7dE79vp_h0U7GWsAYXLToMBDBooocpkglRixJIzmJQgPZwY7RSlJalATwAhS2u1SOzzBeIKN4o:1tENfE:_3H5m4oYLwJ-Nbs8AzSwIkmsWMNIIR-ZWfiX0bYC1eA",
        "expire_date": "2024-12-06T16:01:12.017"
    }
},
{
    "model": "sessions.session",
    "pk": "xnfb4q0hry7u81ymrrc56yivks044u0b",
    "fields": {
        "session_data": ".eJxljEEOwiAURO_CuiGBAqVduvcM5AMfiyIktLgx3t3WNCbGzG7em3kScK60vJoH1hgieoN3iIlMuaXUfWlbsJKJaNIRA22dP4WJ_r-z4G6Yd-CvkC-FupLXGi3dFXrQhZ6Lx3Q63J-DGZZ5WzPgYxgVGxhYxdCDDDhYIfkWjeMAXnJUm-Oc7p3QKCRTPWM2CK0V9-T1BnmdSSE:1tENfD:9XGPRI2URexFjwRe1o9e-LUO7uVHRSuzGjg56sFsxoE",
        "expire_date": "2024-12-06T16:01:11.764"
    }
},
{
    "model": "sessions.session",
    "pk": "zedyaj55uskhzt77wd4o69r1rs5r8ae8",
    "fields": {
        "session_data": ".eJxVjEEOwiAQRe_C2pBBBlpcuu8ZyAwDtmpoUtqV8e7apAvd_vfef6lI2zrGreUlTqIuyqrT78aUHrnuQO5Ub7NOc12XifWu6IM2PcySn9fD_TsYqY3fOjH21vTe9QCYAagUy10g5FTQkwinDN4JkEfnMZggYK1JKMC247N6fwDiHje5:1tENPa:MgWJn4Azb_8xvMmxYM0K2dIQjDVj9sC6kyJ9oDpEs8M",
        "expire_date": "2024-12-06T15:45:02.444"
    }
},
{
    "model": "sessions.session",
    "pk": "zo8cgm58egiv9xtcmv3qq2jp2234dj7o",
    "fields": {
        "session_data": ".eJxVjEEOwiAQRe_C2pBBBlpcuu8ZyAwDtmpoUtqV8e7apAvd_vfef6lI2zrGreUlTqIuyqrT78aUHrnuQO5Ub7NOc12XifWu6IM2PcySn9fD_TsYqY3fOjH21vTe9QCYAagUy10g5FTQkwinDN4JkEfnMZggYK1JKMC247N6fwDiHje5:1tEKjU:vErxW0XqJFl2Thra-3GWxgsEFMuJngd3Ip97mjMuIOM",
        "expire_date": "2024-12-06T12:53:24.529"
    }
}
]
